date,sku,ad_platform,ad_spend,clicks,impressions
10/1/2023,LAPTOP-STAND-ALU,Facebook Ads,47.74,34,562
10/1/2023,MECH-KEYBOARD-RGB,Google Ads,55.93,56,868
10/1/2023,GAMER-CHAIR-PRO,Facebook Ads,28,21,439
10/1/2023,VR-HEADSET-LITE,Facebook Ads,45.67,37,685
10/1/2023,SMART-HUB-X,Facebook Ads,123.37,58,1072
10/1/2023,USB-C-CABLE-2M,Facebook Ads,16.52,33,716
10/1/2023,SCREEN-CLEAN-KIT,Google Ads,30.78,27,503
10/1/2023,MOUSE-PAD-XL,Google Ads,47.98,37,792
10/1/2023,GENERIC-GADGET-0,Facebook Ads,26.16,24,384
10/1/2023,GENERIC-GADGET-1,Google Ads,35.7,40,761
10/1/2023,GENERIC-GADGET-2,Google Ads,22.5,18,341
10/1/2023,GENERIC-GADGET-3,Facebook Ads,25.67,23,447
10/1/2023,GENERIC-GADGET-4,Google Ads,50.89,61,1272
10/1/2023,GENERIC-GADGET-5,Google Ads,11.98,8,136
10/1/2023,GENERIC-GADGET-6,Google Ads,48.82,53,872
10/1/2023,GENERIC-GADGET-7,Facebook Ads,17.44,13,235
10/1/2023,GENERIC-GADGET-8,Google Ads,44.89,32,680
10/1/2023,GENERIC-GADGET-9,Facebook Ads,13.88,10,245
10/1/2023,GENERIC-GADGET-10,Facebook Ads,11.72,8,152
10/1/2023,GENERIC-GADGET-11,Facebook Ads,55,46,964
10/2/2023,LAPTOP-STAND-ALU,Google Ads,24.09,17,275
10/2/2023,MECH-KEYBOARD-RGB,Google Ads,27.89,27,600
10/2/2023,GAMER-CHAIR-PRO,Facebook Ads,17.43,19,404
10/2/2023,VR-HEADSET-LITE,Google Ads,29.45,35,878
10/2/2023,SMART-HUB-X,Google Ads,89.34,40,777
10/2/2023,USB-C-CABLE-2M,Facebook Ads,10.68,21,470
10/2/2023,SCREEN-CLEAN-KIT,Google Ads,39.43,28,535
10/2/2023,MOUSE-PAD-XL,Facebook Ads,27.86,29,705
10/2/2023,GENERIC-GADGET-0,Google Ads,36.13,41,1010
10/2/2023,GENERIC-GADGET-1,Google Ads,36.04,29,485
10/2/2023,GENERIC-GADGET-2,Facebook Ads,56.16,53,961
10/2/2023,GENERIC-GADGET-3,Facebook Ads,31.36,23,485
10/2/2023,GENERIC-GADGET-4,Facebook Ads,58.31,40,657
10/2/2023,GENERIC-GADGET-5,Google Ads,30.47,32,594
10/2/2023,GENERIC-GADGET-6,Google Ads,18.26,13,304
10/2/2023,GENERIC-GADGET-7,Facebook Ads,43.14,30,589
10/2/2023,GENERIC-GADGET-8,Google Ads,43.61,29,719
10/2/2023,GENERIC-GADGET-9,Google Ads,44.85,33,605
10/2/2023,GENERIC-GADGET-10,Google Ads,15.47,13,225
10/2/2023,GENERIC-GADGET-11,Google Ads,18.42,15,274
10/3/2023,LAPTOP-STAND-ALU,Google Ads,19.85,14,257
10/3/2023,MECH-KEYBOARD-RGB,Google Ads,12.67,8,201
10/3/2023,GAMER-CHAIR-PRO,Google Ads,19.76,17,378
10/3/2023,VR-HEADSET-LITE,Google Ads,20.57,18,347
10/3/2023,SMART-HUB-X,Google Ads,93.04,52,1026
10/3/2023,USB-C-CABLE-2M,Google Ads,12.65,25,473
10/3/2023,SCREEN-CLEAN-KIT,Facebook Ads,19.55,15,319
10/3/2023,MOUSE-PAD-XL,Facebook Ads,38.08,32,660
10/3/2023,GENERIC-GADGET-0,Google Ads,46.79,53,1280
10/3/2023,GENERIC-GADGET-1,Facebook Ads,54.39,43,1060
10/3/2023,GENERIC-GADGET-2,Facebook Ads,15.4,12,231
10/3/2023,GENERIC-GADGET-3,Facebook Ads,15.49,10,174
10/3/2023,GENERIC-GADGET-4,Facebook Ads,17.45,14,235
10/3/2023,GENERIC-GADGET-5,Facebook Ads,39.26,30,563
10/3/2023,GENERIC-GADGET-6,Google Ads,33.02,30,729
10/3/2023,GENERIC-GADGET-7,Facebook Ads,57.03,60,1043
10/3/2023,GENERIC-GADGET-8,Facebook Ads,40.2,46,982
10/3/2023,GENERIC-GADGET-9,Facebook Ads,15.74,11,214
10/3/2023,GENERIC-GADGET-10,Facebook Ads,56.2,55,1373
10/3/2023,GENERIC-GADGET-11,Google Ads,17.26,19,301
10/4/2023,LAPTOP-STAND-ALU,Facebook Ads,16.16,17,273
10/4/2023,MECH-KEYBOARD-RGB,Google Ads,10.52,7,148
10/4/2023,GAMER-CHAIR-PRO,Google Ads,56.43,45,948
10/4/2023,VR-HEADSET-LITE,Facebook Ads,30.96,23,385
10/4/2023,SMART-HUB-X,Facebook Ads,66.58,36,769
10/4/2023,USB-C-CABLE-2M,Google Ads,12.67,25,591
10/4/2023,SCREEN-CLEAN-KIT,Google Ads,28.15,29,643
10/4/2023,MOUSE-PAD-XL,Facebook Ads,29.39,25,512
10/4/2023,GENERIC-GADGET-0,Google Ads,12.66,14,349
10/4/2023,GENERIC-GADGET-1,Facebook Ads,14.26,11,273
10/4/2023,GENERIC-GADGET-2,Facebook Ads,28.55,26,623
10/4/2023,GENERIC-GADGET-3,Facebook Ads,29.86,31,553
10/4/2023,GENERIC-GADGET-4,Facebook Ads,27.11,22,560
10/4/2023,GENERIC-GADGET-5,Google Ads,27.76,20,467
10/4/2023,GENERIC-GADGET-6,Facebook Ads,15.47,12,235
10/4/2023,GENERIC-GADGET-7,Google Ads,40.11,27,418
10/4/2023,GENERIC-GADGET-8,Google Ads,20.25,14,305
10/4/2023,GENERIC-GADGET-9,Facebook Ads,11.37,9,217
10/4/2023,GENERIC-GADGET-10,Facebook Ads,56.87,40,752
10/4/2023,GENERIC-GADGET-11,Facebook Ads,55.43,54,1208
10/5/2023,LAPTOP-STAND-ALU,Google Ads,18.11,14,265
10/5/2023,MECH-KEYBOARD-RGB,Google Ads,43.5,45,1050
10/5/2023,GAMER-CHAIR-PRO,Google Ads,46.47,37,744
10/5/2023,VR-HEADSET-LITE,Facebook Ads,18.68,18,295
10/5/2023,SMART-HUB-X,Google Ads,131.52,65,1495
10/5/2023,USB-C-CABLE-2M,Google Ads,7.78,15,268
10/5/2023,SCREEN-CLEAN-KIT,Google Ads,16.22,12,274
10/5/2023,MOUSE-PAD-XL,Facebook Ads,54.47,62,1118
10/5/2023,GENERIC-GADGET-0,Facebook Ads,18.42,21,437
10/5/2023,GENERIC-GADGET-1,Google Ads,25.79,21,384
10/5/2023,GENERIC-GADGET-2,Facebook Ads,21.78,23,412
10/5/2023,GENERIC-GADGET-3,Facebook Ads,55.22,40,844
10/5/2023,GENERIC-GADGET-4,Google Ads,49.87,54,1315
10/5/2023,GENERIC-GADGET-5,Google Ads,44.89,39,658
10/5/2023,GENERIC-GADGET-6,Facebook Ads,57.93,54,899
10/5/2023,GENERIC-GADGET-7,Google Ads,15.58,13,300
10/5/2023,GENERIC-GADGET-8,Facebook Ads,33.46,35,584
10/5/2023,GENERIC-GADGET-9,Google Ads,48.94,50,833
10/5/2023,GENERIC-GADGET-10,Facebook Ads,48.64,36,667
10/5/2023,GENERIC-GADGET-11,Facebook Ads,55.37,37,658
10/6/2023,LAPTOP-STAND-ALU,Facebook Ads,48.68,50,817
10/6/2023,MECH-KEYBOARD-RGB,Google Ads,28.7,21,345
10/6/2023,GAMER-CHAIR-PRO,Facebook Ads,30.96,27,435
10/6/2023,VR-HEADSET-LITE,Facebook Ads,44.23,38,807
10/6/2023,SMART-HUB-X,Facebook Ads,115.03,63,1153
10/6/2023,USB-C-CABLE-2M,Google Ads,7.28,14,223
10/6/2023,SCREEN-CLEAN-KIT,Google Ads,48.37,50,911
10/6/2023,MOUSE-PAD-XL,Facebook Ads,38.9,27,465
10/6/2023,GENERIC-GADGET-0,Google Ads,42.52,47,950
10/6/2023,GENERIC-GADGET-1,Facebook Ads,32.61,21,441
10/6/2023,GENERIC-GADGET-2,Facebook Ads,46.29,47,894
10/6/2023,GENERIC-GADGET-3,Google Ads,51.3,46,705
10/6/2023,GENERIC-GADGET-4,Google Ads,17.54,18,334
10/6/2023,GENERIC-GADGET-5,Facebook Ads,25.54,18,283
10/6/2023,GENERIC-GADGET-6,Google Ads,55.4,65,1097
10/6/2023,GENERIC-GADGET-7,Google Ads,53.93,42,947
10/6/2023,GENERIC-GADGET-8,Google Ads,31.17,35,614
10/6/2023,GENERIC-GADGET-9,Facebook Ads,33.87,29,479
10/6/2023,GENERIC-GADGET-10,Facebook Ads,52.03,40,932
10/6/2023,GENERIC-GADGET-11,Facebook Ads,30,21,358
10/7/2023,LAPTOP-STAND-ALU,Google Ads,11.33,13,256
10/7/2023,MECH-KEYBOARD-RGB,Google Ads,53.69,50,1077
10/7/2023,GAMER-CHAIR-PRO,Facebook Ads,26.32,30,748
10/7/2023,VR-HEADSET-LITE,Google Ads,50.39,55,880
10/7/2023,SMART-HUB-X,Google Ads,83.8,40,975
10/7/2023,USB-C-CABLE-2M,Facebook Ads,7.26,14,251
10/7/2023,SCREEN-CLEAN-KIT,Google Ads,26.96,27,629
10/7/2023,MOUSE-PAD-XL,Facebook Ads,57.24,71,1729
10/7/2023,GENERIC-GADGET-0,Facebook Ads,29.91,28,650
10/7/2023,GENERIC-GADGET-1,Google Ads,57.46,50,837
10/7/2023,GENERIC-GADGET-2,Facebook Ads,49.71,40,659
10/7/2023,GENERIC-GADGET-3,Facebook Ads,58.43,54,1133
10/7/2023,GENERIC-GADGET-4,Google Ads,25.59,31,512
10/7/2023,GENERIC-GADGET-5,Google Ads,21.84,17,425
10/7/2023,GENERIC-GADGET-6,Facebook Ads,36.05,40,622
10/7/2023,GENERIC-GADGET-7,Google Ads,28.37,31,690
10/7/2023,GENERIC-GADGET-8,Google Ads,31.5,26,602
10/7/2023,GENERIC-GADGET-9,Google Ads,19.1,20,453
10/7/2023,GENERIC-GADGET-10,Google Ads,24.41,19,362
10/7/2023,GENERIC-GADGET-11,Google Ads,39.77,35,554
10/8/2023,LAPTOP-STAND-ALU,Facebook Ads,59.05,57,1177
10/8/2023,MECH-KEYBOARD-RGB,Facebook Ads,25.32,26,617
10/8/2023,GAMER-CHAIR-PRO,Google Ads,14.51,11,262
10/8/2023,VR-HEADSET-LITE,Google Ads,17.05,13,267
10/8/2023,SMART-HUB-X,Google Ads,121.69,49,885
10/8/2023,USB-C-CABLE-2M,Facebook Ads,19.87,39,965
10/8/2023,SCREEN-CLEAN-KIT,Facebook Ads,34.69,27,635
10/8/2023,MOUSE-PAD-XL,Google Ads,13.53,14,279
10/8/2023,GENERIC-GADGET-0,Google Ads,29.68,25,586
10/8/2023,GENERIC-GADGET-1,Google Ads,30.48,22,471
10/8/2023,GENERIC-GADGET-2,Google Ads,26.58,25,559
10/8/2023,GENERIC-GADGET-3,Google Ads,59.29,68,1374
10/8/2023,GENERIC-GADGET-4,Google Ads,54.07,36,743
10/8/2023,GENERIC-GADGET-5,Google Ads,12.39,11,246
10/8/2023,GENERIC-GADGET-6,Google Ads,35.45,42,862
10/8/2023,GENERIC-GADGET-7,Google Ads,44.62,30,751
10/8/2023,GENERIC-GADGET-8,Google Ads,10.19,7,140
10/8/2023,GENERIC-GADGET-9,Google Ads,56.42,55,946
10/8/2023,GENERIC-GADGET-10,Google Ads,46.53,47,1026
10/8/2023,GENERIC-GADGET-11,Facebook Ads,42.71,29,664
10/9/2023,LAPTOP-STAND-ALU,Facebook Ads,35.74,30,457
10/9/2023,MECH-KEYBOARD-RGB,Google Ads,35.16,24,496
10/9/2023,GAMER-CHAIR-PRO,Google Ads,57.41,56,1217
10/9/2023,VR-HEADSET-LITE,Facebook Ads,10.84,9,227
10/9/2023,SMART-HUB-X,Facebook Ads,58.05,32,738
10/9/2023,USB-C-CABLE-2M,Facebook Ads,17.91,35,892
10/9/2023,SCREEN-CLEAN-KIT,Google Ads,11.85,12,270
10/9/2023,MOUSE-PAD-XL,Facebook Ads,18.48,19,318
10/9/2023,GENERIC-GADGET-0,Google Ads,40.32,30,688
10/9/2023,GENERIC-GADGET-1,Facebook Ads,36.56,27,521
10/9/2023,GENERIC-GADGET-2,Google Ads,42.41,42,680
10/9/2023,GENERIC-GADGET-3,Google Ads,44.56,32,642
10/9/2023,GENERIC-GADGET-4,Google Ads,38.58,33,763
10/9/2023,GENERIC-GADGET-5,Google Ads,59.13,66,1641
10/9/2023,GENERIC-GADGET-6,Facebook Ads,49.59,45,761
10/9/2023,GENERIC-GADGET-7,Google Ads,24.8,17,299
10/9/2023,GENERIC-GADGET-8,Facebook Ads,14.06,16,373
10/9/2023,GENERIC-GADGET-9,Facebook Ads,42.13,41,758
10/9/2023,GENERIC-GADGET-10,Google Ads,40.12,44,1077
10/9/2023,GENERIC-GADGET-11,Google Ads,43.16,49,869
10/10/2023,LAPTOP-STAND-ALU,Google Ads,59.73,61,1212
10/10/2023,MECH-KEYBOARD-RGB,Google Ads,34.88,41,684
10/10/2023,GAMER-CHAIR-PRO,Google Ads,57.86,42,867
10/10/2023,VR-HEADSET-LITE,Google Ads,59.05,67,1563
10/10/2023,SMART-HUB-X,Google Ads,108.75,54,987
10/10/2023,USB-C-CABLE-2M,Google Ads,6.61,13,302
10/10/2023,SCREEN-CLEAN-KIT,Facebook Ads,39.45,36,844
10/10/2023,MOUSE-PAD-XL,Facebook Ads,57.04,56,858
10/10/2023,GENERIC-GADGET-0,Google Ads,55.16,51,1116
10/10/2023,GENERIC-GADGET-1,Facebook Ads,26.6,19,318
10/10/2023,GENERIC-GADGET-2,Google Ads,43.73,36,723
10/10/2023,GENERIC-GADGET-3,Google Ads,47,39,778
10/10/2023,GENERIC-GADGET-4,Google Ads,53.31,41,720
10/10/2023,GENERIC-GADGET-5,Facebook Ads,24.06,27,678
10/10/2023,GENERIC-GADGET-6,Facebook Ads,21.76,15,374
10/10/2023,GENERIC-GADGET-7,Facebook Ads,28.16,19,368
10/10/2023,GENERIC-GADGET-8,Google Ads,50.2,34,595
10/10/2023,GENERIC-GADGET-9,Facebook Ads,36.07,26,615
10/10/2023,GENERIC-GADGET-10,Facebook Ads,23.13,16,344
10/10/2023,GENERIC-GADGET-11,Google Ads,24.43,23,499
10/11/2023,LAPTOP-STAND-ALU,Facebook Ads,45.07,52,823
10/11/2023,MECH-KEYBOARD-RGB,Google Ads,28.48,20,481
10/11/2023,GAMER-CHAIR-PRO,Facebook Ads,18.47,16,257
10/11/2023,VR-HEADSET-LITE,Facebook Ads,56.67,45,761
10/11/2023,SMART-HUB-X,Facebook Ads,55.55,24,390
10/11/2023,USB-C-CABLE-2M,Facebook Ads,14.52,29,714
10/11/2023,SCREEN-CLEAN-KIT,Facebook Ads,21.85,21,387
10/11/2023,MOUSE-PAD-XL,Facebook Ads,18.1,16,343
10/11/2023,GENERIC-GADGET-0,Facebook Ads,51.94,54,1046
10/11/2023,GENERIC-GADGET-1,Facebook Ads,10.77,11,260
10/11/2023,GENERIC-GADGET-2,Google Ads,12.29,9,210
10/11/2023,GENERIC-GADGET-3,Google Ads,22.85,17,419
10/11/2023,GENERIC-GADGET-4,Facebook Ads,42.88,31,613
10/11/2023,GENERIC-GADGET-5,Google Ads,51.1,51,881
10/11/2023,GENERIC-GADGET-6,Google Ads,53.02,39,814
10/11/2023,GENERIC-GADGET-7,Google Ads,44.69,53,1182
10/11/2023,GENERIC-GADGET-8,Facebook Ads,16.25,16,365
10/11/2023,GENERIC-GADGET-9,Facebook Ads,29.88,34,699
10/11/2023,GENERIC-GADGET-10,Google Ads,18.32,13,309
10/11/2023,GENERIC-GADGET-11,Facebook Ads,37.56,29,683
10/12/2023,LAPTOP-STAND-ALU,Google Ads,57.47,60,1009
10/12/2023,MECH-KEYBOARD-RGB,Google Ads,20.93,14,217
10/12/2023,GAMER-CHAIR-PRO,Facebook Ads,12.61,11,246
10/12/2023,VR-HEADSET-LITE,Facebook Ads,38.28,26,539
10/12/2023,SMART-HUB-X,Google Ads,129.77,54,1006
10/12/2023,USB-C-CABLE-2M,Google Ads,11.36,22,348
10/12/2023,SCREEN-CLEAN-KIT,Google Ads,47.05,41,999
10/12/2023,MOUSE-PAD-XL,Facebook Ads,37.92,32,763
10/12/2023,GENERIC-GADGET-0,Google Ads,33.9,23,525
10/12/2023,GENERIC-GADGET-1,Google Ads,10.67,7,135
10/12/2023,GENERIC-GADGET-2,Google Ads,40.2,31,557
10/12/2023,GENERIC-GADGET-3,Google Ads,51.95,51,1028
10/12/2023,GENERIC-GADGET-4,Google Ads,43.72,36,650
10/12/2023,GENERIC-GADGET-5,Facebook Ads,34.56,38,630
10/12/2023,GENERIC-GADGET-6,Google Ads,57.3,46,1150
10/12/2023,GENERIC-GADGET-7,Facebook Ads,33.53,29,474
10/12/2023,GENERIC-GADGET-8,Facebook Ads,31.95,22,366
10/12/2023,GENERIC-GADGET-9,Facebook Ads,44.95,41,963
10/12/2023,GENERIC-GADGET-10,Facebook Ads,53.47,40,819
10/12/2023,GENERIC-GADGET-11,Google Ads,12.97,15,382
10/13/2023,LAPTOP-STAND-ALU,Facebook Ads,23.98,19,379
10/13/2023,MECH-KEYBOARD-RGB,Facebook Ads,30.95,30,496
10/13/2023,GAMER-CHAIR-PRO,Facebook Ads,46.94,49,1026
10/13/2023,VR-HEADSET-LITE,Facebook Ads,56.94,38,935
10/13/2023,SMART-HUB-X,Facebook Ads,95.62,49,1099
10/13/2023,USB-C-CABLE-2M,Facebook Ads,12.88,25,442
10/13/2023,SCREEN-CLEAN-KIT,Facebook Ads,58.61,40,948
10/13/2023,MOUSE-PAD-XL,Facebook Ads,11.68,12,280
10/13/2023,GENERIC-GADGET-0,Google Ads,26.84,18,284
10/13/2023,GENERIC-GADGET-1,Facebook Ads,56.92,50,854
10/13/2023,GENERIC-GADGET-2,Google Ads,16.77,19,300
10/13/2023,GENERIC-GADGET-3,Facebook Ads,10.2,8,209
10/13/2023,GENERIC-GADGET-4,Facebook Ads,58.12,40,658
10/13/2023,GENERIC-GADGET-5,Facebook Ads,49.25,44,984
10/13/2023,GENERIC-GADGET-6,Google Ads,12.45,12,213
10/13/2023,GENERIC-GADGET-7,Google Ads,19.48,23,494
10/13/2023,GENERIC-GADGET-8,Facebook Ads,55.11,39,812
10/13/2023,GENERIC-GADGET-9,Google Ads,18.8,13,212
10/13/2023,GENERIC-GADGET-10,Facebook Ads,50.41,47,905
10/13/2023,GENERIC-GADGET-11,Facebook Ads,23.87,24,453
10/14/2023,LAPTOP-STAND-ALU,Google Ads,21.48,14,348
10/14/2023,MECH-KEYBOARD-RGB,Google Ads,29.92,22,531
10/14/2023,GAMER-CHAIR-PRO,Google Ads,50.97,46,721
10/14/2023,VR-HEADSET-LITE,Facebook Ads,45.3,31,577
10/14/2023,SMART-HUB-X,Google Ads,114.65,59,1077
10/14/2023,USB-C-CABLE-2M,Facebook Ads,8.95,17,343
10/14/2023,SCREEN-CLEAN-KIT,Facebook Ads,52.13,43,722
10/14/2023,MOUSE-PAD-XL,Google Ads,48.51,41,1024
10/14/2023,GENERIC-GADGET-0,Facebook Ads,25.04,29,621
10/14/2023,GENERIC-GADGET-1,Google Ads,47.72,42,837
10/14/2023,GENERIC-GADGET-2,Facebook Ads,58.89,47,1096
10/14/2023,GENERIC-GADGET-3,Facebook Ads,51.44,43,761
10/14/2023,GENERIC-GADGET-4,Google Ads,14.67,13,273
10/14/2023,GENERIC-GADGET-5,Google Ads,33.25,25,553
10/14/2023,GENERIC-GADGET-6,Google Ads,52.97,53,1303
10/14/2023,GENERIC-GADGET-7,Google Ads,55.49,42,809
10/14/2023,GENERIC-GADGET-8,Google Ads,31.91,25,456
10/14/2023,GENERIC-GADGET-9,Facebook Ads,46.43,37,907
10/14/2023,GENERIC-GADGET-10,Google Ads,38.43,30,694
10/14/2023,GENERIC-GADGET-11,Google Ads,59.06,52,990
10/15/2023,LAPTOP-STAND-ALU,Facebook Ads,56.93,68,1209
10/15/2023,MECH-KEYBOARD-RGB,Google Ads,27.41,26,580
10/15/2023,GAMER-CHAIR-PRO,Google Ads,28.97,34,684
10/15/2023,VR-HEADSET-LITE,Google Ads,55.39,64,1140
10/15/2023,SMART-HUB-X,Google Ads,94.52,43,946
10/15/2023,USB-C-CABLE-2M,Google Ads,8.06,16,292
10/15/2023,SCREEN-CLEAN-KIT,Google Ads,13.11,11,186
10/15/2023,MOUSE-PAD-XL,Facebook Ads,46.23,33,679
10/15/2023,GENERIC-GADGET-0,Facebook Ads,53.41,43,1058
10/15/2023,GENERIC-GADGET-1,Facebook Ads,57,45,690
10/15/2023,GENERIC-GADGET-2,Google Ads,26.53,21,519
10/15/2023,GENERIC-GADGET-3,Facebook Ads,12.73,9,211
10/15/2023,GENERIC-GADGET-4,Google Ads,54.5,57,1412
10/15/2023,GENERIC-GADGET-5,Google Ads,54.8,53,1233
10/15/2023,GENERIC-GADGET-6,Google Ads,16.26,13,229
10/15/2023,GENERIC-GADGET-7,Google Ads,20.14,15,338
10/15/2023,GENERIC-GADGET-8,Google Ads,10.57,7,129
10/15/2023,GENERIC-GADGET-9,Google Ads,47.85,32,803
10/15/2023,GENERIC-GADGET-10,Facebook Ads,20.27,14,293
10/15/2023,GENERIC-GADGET-11,Google Ads,33.98,23,394
10/16/2023,LAPTOP-STAND-ALU,Google Ads,36.97,31,679
10/16/2023,MECH-KEYBOARD-RGB,Facebook Ads,50.63,46,1093
10/16/2023,GAMER-CHAIR-PRO,Facebook Ads,31.99,30,654
10/16/2023,VR-HEADSET-LITE,Facebook Ads,46.74,52,783
10/16/2023,SMART-HUB-X,Google Ads,79.96,34,657
10/16/2023,USB-C-CABLE-2M,Google Ads,9,18,382
10/16/2023,SCREEN-CLEAN-KIT,Google Ads,50.77,49,1053
10/16/2023,MOUSE-PAD-XL,Facebook Ads,30.64,21,455
10/16/2023,GENERIC-GADGET-0,Facebook Ads,50.18,56,1047
10/16/2023,GENERIC-GADGET-1,Facebook Ads,17.54,13,213
10/16/2023,GENERIC-GADGET-2,Facebook Ads,18.1,12,314
10/16/2023,GENERIC-GADGET-3,Google Ads,13.59,15,326
10/16/2023,GENERIC-GADGET-4,Facebook Ads,26.11,17,313
10/16/2023,GENERIC-GADGET-5,Facebook Ads,36.82,43,891
10/16/2023,GENERIC-GADGET-6,Google Ads,26.91,19,401
10/16/2023,GENERIC-GADGET-7,Google Ads,44.01,29,647
10/16/2023,GENERIC-GADGET-8,Facebook Ads,51.38,41,714
10/16/2023,GENERIC-GADGET-9,Facebook Ads,45.45,37,731
10/16/2023,GENERIC-GADGET-10,Google Ads,26.75,19,446
10/16/2023,GENERIC-GADGET-11,Facebook Ads,30.56,23,399
10/17/2023,LAPTOP-STAND-ALU,Google Ads,57.02,40,980
10/17/2023,MECH-KEYBOARD-RGB,Google Ads,29.43,24,433
10/17/2023,GAMER-CHAIR-PRO,Google Ads,58.46,60,1478
10/17/2023,VR-HEADSET-LITE,Google Ads,49.18,36,621
10/17/2023,SMART-HUB-X,Facebook Ads,119.17,56,871
10/17/2023,USB-C-CABLE-2M,Google Ads,15.63,31,622
10/17/2023,SCREEN-CLEAN-KIT,Google Ads,46.55,33,778
10/17/2023,MOUSE-PAD-XL,Facebook Ads,55.5,45,944
10/17/2023,GENERIC-GADGET-0,Facebook Ads,13.93,10,185
10/17/2023,GENERIC-GADGET-1,Google Ads,18.35,20,381
10/17/2023,GENERIC-GADGET-2,Facebook Ads,59.99,49,1141
10/17/2023,GENERIC-GADGET-3,Google Ads,13.11,12,254
10/17/2023,GENERIC-GADGET-4,Facebook Ads,10.86,7,144
10/17/2023,GENERIC-GADGET-5,Google Ads,22.95,23,460
10/17/2023,GENERIC-GADGET-6,Google Ads,43.8,30,566
10/17/2023,GENERIC-GADGET-7,Facebook Ads,24.52,21,398
10/17/2023,GENERIC-GADGET-8,Facebook Ads,41.2,34,849
10/17/2023,GENERIC-GADGET-9,Facebook Ads,19.54,18,304
10/17/2023,GENERIC-GADGET-10,Google Ads,40.78,27,433
10/17/2023,GENERIC-GADGET-11,Google Ads,14.78,15,311
10/18/2023,LAPTOP-STAND-ALU,Facebook Ads,16.11,14,327
10/18/2023,MECH-KEYBOARD-RGB,Facebook Ads,52.67,42,667
10/18/2023,GAMER-CHAIR-PRO,Facebook Ads,11.56,9,199
10/18/2023,VR-HEADSET-LITE,Google Ads,21.52,25,537
10/18/2023,SMART-HUB-X,Google Ads,115.95,55,1068
10/18/2023,USB-C-CABLE-2M,Facebook Ads,6.83,13,319
10/18/2023,SCREEN-CLEAN-KIT,Google Ads,50.89,46,995
10/18/2023,MOUSE-PAD-XL,Google Ads,17.81,20,336
10/18/2023,GENERIC-GADGET-0,Google Ads,17.21,19,431
10/18/2023,GENERIC-GADGET-1,Google Ads,43.04,42,729
10/18/2023,GENERIC-GADGET-2,Google Ads,46.04,38,948
10/18/2023,GENERIC-GADGET-3,Google Ads,10.9,8,188
10/18/2023,GENERIC-GADGET-4,Google Ads,26.73,22,353
10/18/2023,GENERIC-GADGET-5,Facebook Ads,50.82,38,795
10/18/2023,GENERIC-GADGET-6,Google Ads,54.26,65,1485
10/18/2023,GENERIC-GADGET-7,Google Ads,50.04,58,1220
10/18/2023,GENERIC-GADGET-8,Facebook Ads,51.62,41,1045
10/18/2023,GENERIC-GADGET-9,Google Ads,40.46,31,628
10/18/2023,GENERIC-GADGET-10,Facebook Ads,44.42,39,735
10/18/2023,GENERIC-GADGET-11,Facebook Ads,15.6,13,272
10/19/2023,LAPTOP-STAND-ALU,Google Ads,47.18,35,808
10/19/2023,MECH-KEYBOARD-RGB,Google Ads,11.47,8,141
10/19/2023,GAMER-CHAIR-PRO,Facebook Ads,10.9,11,263
10/19/2023,VR-HEADSET-LITE,Google Ads,15.94,11,252
10/19/2023,SMART-HUB-X,Google Ads,70.92,31,756
10/19/2023,USB-C-CABLE-2M,Google Ads,19.09,38,843
10/19/2023,SCREEN-CLEAN-KIT,Google Ads,16.19,13,316
10/19/2023,MOUSE-PAD-XL,Facebook Ads,34.44,36,612
10/19/2023,GENERIC-GADGET-0,Google Ads,36.76,44,907
10/19/2023,GENERIC-GADGET-1,Facebook Ads,31.66,32,561
10/19/2023,GENERIC-GADGET-2,Facebook Ads,18.86,15,253
10/19/2023,GENERIC-GADGET-3,Facebook Ads,31.45,24,502
10/19/2023,GENERIC-GADGET-4,Google Ads,34.93,26,554
10/19/2023,GENERIC-GADGET-5,Google Ads,58.41,50,1107
10/19/2023,GENERIC-GADGET-6,Google Ads,21.12,24,521
10/19/2023,GENERIC-GADGET-7,Google Ads,56.96,64,1184
10/19/2023,GENERIC-GADGET-8,Facebook Ads,23.45,24,442
10/19/2023,GENERIC-GADGET-9,Google Ads,23.89,17,313
10/19/2023,GENERIC-GADGET-10,Google Ads,35.19,30,453
10/19/2023,GENERIC-GADGET-11,Facebook Ads,12.88,13,209
10/20/2023,LAPTOP-STAND-ALU,Facebook Ads,17.77,18,457
10/20/2023,MECH-KEYBOARD-RGB,Google Ads,28.96,27,584
10/20/2023,GAMER-CHAIR-PRO,Facebook Ads,47.84,36,692
10/20/2023,VR-HEADSET-LITE,Facebook Ads,39.41,43,859
10/20/2023,SMART-HUB-X,Facebook Ads,140.4,89,1341
10/20/2023,USB-C-CABLE-2M,Facebook Ads,18.58,37,819
10/20/2023,SCREEN-CLEAN-KIT,Google Ads,52.56,39,929
10/20/2023,MOUSE-PAD-XL,Facebook Ads,18.71,21,332
10/20/2023,GENERIC-GADGET-0,Facebook Ads,52.97,60,915
10/20/2023,GENERIC-GADGET-1,Google Ads,41.59,43,662
10/20/2023,GENERIC-GADGET-2,Facebook Ads,34.88,40,897
10/20/2023,GENERIC-GADGET-3,Facebook Ads,26.27,28,564
10/20/2023,GENERIC-GADGET-4,Google Ads,42.08,42,710
10/20/2023,GENERIC-GADGET-5,Facebook Ads,18.8,18,365
10/20/2023,GENERIC-GADGET-6,Facebook Ads,12.86,9,172
10/20/2023,GENERIC-GADGET-7,Google Ads,18.04,15,349
10/20/2023,GENERIC-GADGET-8,Facebook Ads,21.95,17,375
10/20/2023,GENERIC-GADGET-9,Facebook Ads,51.36,42,818
10/20/2023,GENERIC-GADGET-10,Facebook Ads,13.26,14,305
10/20/2023,GENERIC-GADGET-11,Google Ads,10.02,8,137
10/21/2023,LAPTOP-STAND-ALU,Google Ads,25.93,18,446
10/21/2023,MECH-KEYBOARD-RGB,Google Ads,13.34,12,263
10/21/2023,GAMER-CHAIR-PRO,Google Ads,46.29,43,675
10/21/2023,VR-HEADSET-LITE,Facebook Ads,13.2,9,242
10/21/2023,SMART-HUB-X,Facebook Ads,130.95,65,1145
10/21/2023,USB-C-CABLE-2M,Facebook Ads,8.04,16,341
10/21/2023,SCREEN-CLEAN-KIT,Facebook Ads,50.95,48,1029
10/21/2023,MOUSE-PAD-XL,Facebook Ads,56.86,51,992
10/21/2023,GENERIC-GADGET-0,Google Ads,22.24,18,406
10/21/2023,GENERIC-GADGET-1,Facebook Ads,37.54,36,689
10/21/2023,GENERIC-GADGET-2,Facebook Ads,55.25,39,892
10/21/2023,GENERIC-GADGET-3,Facebook Ads,45.31,35,884
10/21/2023,GENERIC-GADGET-4,Facebook Ads,11.36,13,240
10/21/2023,GENERIC-GADGET-5,Google Ads,48.47,43,886
10/21/2023,GENERIC-GADGET-6,Facebook Ads,47.68,39,974
10/21/2023,GENERIC-GADGET-7,Facebook Ads,55.08,51,1162
10/21/2023,GENERIC-GADGET-8,Google Ads,46.23,35,765
10/21/2023,GENERIC-GADGET-9,Facebook Ads,10.67,10,239
10/21/2023,GENERIC-GADGET-10,Facebook Ads,47.26,33,529
10/21/2023,GENERIC-GADGET-11,Facebook Ads,18.23,12,185
10/22/2023,LAPTOP-STAND-ALU,Google Ads,13.98,10,186
10/22/2023,MECH-KEYBOARD-RGB,Facebook Ads,16.13,20,316
10/22/2023,GAMER-CHAIR-PRO,Google Ads,43.11,46,1097
10/22/2023,VR-HEADSET-LITE,Google Ads,58.98,69,1531
10/22/2023,SMART-HUB-X,Facebook Ads,94.75,39,650
10/22/2023,USB-C-CABLE-2M,Google Ads,5.88,11,263
10/22/2023,SCREEN-CLEAN-KIT,Google Ads,50.25,36,896
10/22/2023,MOUSE-PAD-XL,Facebook Ads,14.93,14,345
10/22/2023,GENERIC-GADGET-0,Facebook Ads,29.52,29,628
10/22/2023,GENERIC-GADGET-1,Google Ads,41.2,44,924
10/22/2023,GENERIC-GADGET-2,Facebook Ads,51.56,61,1188
10/22/2023,GENERIC-GADGET-3,Google Ads,30.47,34,735
10/22/2023,GENERIC-GADGET-4,Facebook Ads,17.14,20,400
10/22/2023,GENERIC-GADGET-5,Google Ads,55.54,60,1217
10/22/2023,GENERIC-GADGET-6,Facebook Ads,36.48,32,766
10/22/2023,GENERIC-GADGET-7,Facebook Ads,17.62,12,218
10/22/2023,GENERIC-GADGET-8,Facebook Ads,43.72,34,536
10/22/2023,GENERIC-GADGET-9,Google Ads,50.67,60,1466
10/22/2023,GENERIC-GADGET-10,Facebook Ads,28.14,30,469
10/22/2023,GENERIC-GADGET-11,Facebook Ads,56.66,67,1628
10/23/2023,LAPTOP-STAND-ALU,Facebook Ads,16.26,16,385
10/23/2023,MECH-KEYBOARD-RGB,Facebook Ads,11.11,8,139
10/23/2023,GAMER-CHAIR-PRO,Facebook Ads,39.41,26,450
10/23/2023,VR-HEADSET-LITE,Google Ads,26.44,24,551
10/23/2023,SMART-HUB-X,Google Ads,84.94,42,838
10/23/2023,USB-C-CABLE-2M,Google Ads,15.89,31,665
10/23/2023,SCREEN-CLEAN-KIT,Facebook Ads,53.42,55,877
10/23/2023,MOUSE-PAD-XL,Facebook Ads,34.73,29,719
10/23/2023,GENERIC-GADGET-0,Facebook Ads,14.02,14,327
10/23/2023,GENERIC-GADGET-1,Google Ads,45.82,39,634
10/23/2023,GENERIC-GADGET-2,Google Ads,20.53,15,239
10/23/2023,GENERIC-GADGET-3,Facebook Ads,21.89,18,292
10/23/2023,GENERIC-GADGET-4,Google Ads,22.16,19,482
10/23/2023,GENERIC-GADGET-5,Google Ads,52.06,51,1212
10/23/2023,GENERIC-GADGET-6,Google Ads,57.4,46,968
10/23/2023,GENERIC-GADGET-7,Facebook Ads,23.15,17,388
10/23/2023,GENERIC-GADGET-8,Google Ads,52.95,39,919
10/23/2023,GENERIC-GADGET-9,Google Ads,59.07,43,995
10/23/2023,GENERIC-GADGET-10,Google Ads,57.47,41,993
10/23/2023,GENERIC-GADGET-11,Google Ads,11.39,10,251
10/24/2023,LAPTOP-STAND-ALU,Facebook Ads,15.08,14,269
10/24/2023,MECH-KEYBOARD-RGB,Facebook Ads,49.64,43,1020
10/24/2023,GAMER-CHAIR-PRO,Facebook Ads,23.92,17,350
10/24/2023,VR-HEADSET-LITE,Google Ads,58.75,70,1666
10/24/2023,SMART-HUB-X,Google Ads,131.85,59,1388
10/24/2023,USB-C-CABLE-2M,Facebook Ads,8.86,17,266
10/24/2023,SCREEN-CLEAN-KIT,Google Ads,49.95,38,601
10/24/2023,MOUSE-PAD-XL,Facebook Ads,56.92,40,927
10/24/2023,GENERIC-GADGET-0,Facebook Ads,20.23,19,451
10/24/2023,GENERIC-GADGET-1,Google Ads,18.94,20,415
10/24/2023,GENERIC-GADGET-2,Facebook Ads,25.14,28,707
10/24/2023,GENERIC-GADGET-3,Facebook Ads,57.05,39,801
10/24/2023,GENERIC-GADGET-4,Facebook Ads,44.16,31,572
10/24/2023,GENERIC-GADGET-5,Google Ads,18.44,17,306
10/24/2023,GENERIC-GADGET-6,Google Ads,42.09,37,765
10/24/2023,GENERIC-GADGET-7,Facebook Ads,14.13,11,257
10/24/2023,GENERIC-GADGET-8,Facebook Ads,33.92,37,697
10/24/2023,GENERIC-GADGET-9,Facebook Ads,26.64,23,447
10/24/2023,GENERIC-GADGET-10,Google Ads,19.72,13,287
10/24/2023,GENERIC-GADGET-11,Facebook Ads,48.19,48,1183
10/25/2023,LAPTOP-STAND-ALU,Google Ads,13.58,14,283
10/25/2023,MECH-KEYBOARD-RGB,Google Ads,41.68,44,776
10/25/2023,GAMER-CHAIR-PRO,Google Ads,17.98,12,267
10/25/2023,VR-HEADSET-LITE,Facebook Ads,48.2,45,923
10/25/2023,SMART-HUB-X,Facebook Ads,65.1,41,715
10/25/2023,USB-C-CABLE-2M,Facebook Ads,14.5,28,580
10/25/2023,SCREEN-CLEAN-KIT,Google Ads,31.81,23,348
10/25/2023,MOUSE-PAD-XL,Facebook Ads,49.02,41,941
10/25/2023,GENERIC-GADGET-0,Google Ads,57.08,38,740
10/25/2023,GENERIC-GADGET-1,Google Ads,17.65,12,314
10/25/2023,GENERIC-GADGET-2,Google Ads,34,24,482
10/25/2023,GENERIC-GADGET-3,Facebook Ads,36.76,36,767
10/25/2023,GENERIC-GADGET-4,Google Ads,42.38,45,830
10/25/2023,GENERIC-GADGET-5,Google Ads,56.04,67,1615
10/25/2023,GENERIC-GADGET-6,Google Ads,18.04,15,286
10/25/2023,GENERIC-GADGET-7,Google Ads,48.43,41,862
10/25/2023,GENERIC-GADGET-8,Google Ads,12.09,8,167
10/25/2023,GENERIC-GADGET-9,Facebook Ads,26.19,17,436
10/25/2023,GENERIC-GADGET-10,Google Ads,56.71,45,788
10/25/2023,GENERIC-GADGET-11,Google Ads,28.26,28,713
10/26/2023,LAPTOP-STAND-ALU,Google Ads,54.05,40,789
10/26/2023,MECH-KEYBOARD-RGB,Google Ads,15.32,14,314
10/26/2023,GAMER-CHAIR-PRO,Facebook Ads,53.4,39,959
10/26/2023,VR-HEADSET-LITE,Google Ads,55.99,39,896
10/26/2023,SMART-HUB-X,Facebook Ads,57.36,37,917
10/26/2023,USB-C-CABLE-2M,Facebook Ads,15.54,31,653
10/26/2023,SCREEN-CLEAN-KIT,Google Ads,30.3,25,547
10/26/2023,MOUSE-PAD-XL,Google Ads,10.56,9,145
10/26/2023,GENERIC-GADGET-0,Google Ads,42.89,31,760
10/26/2023,GENERIC-GADGET-1,Facebook Ads,26.11,18,405
10/26/2023,GENERIC-GADGET-2,Google Ads,28.4,19,290
10/26/2023,GENERIC-GADGET-3,Facebook Ads,51.01,44,730
10/26/2023,GENERIC-GADGET-4,Facebook Ads,28.4,20,420
10/26/2023,GENERIC-GADGET-5,Facebook Ads,14.28,15,307
10/26/2023,GENERIC-GADGET-6,Google Ads,11.31,8,140
10/26/2023,GENERIC-GADGET-7,Facebook Ads,15.96,11,242
10/26/2023,GENERIC-GADGET-8,Facebook Ads,24.7,23,473
10/26/2023,GENERIC-GADGET-9,Facebook Ads,27.97,20,342
10/26/2023,GENERIC-GADGET-10,Facebook Ads,10.99,8,165
10/26/2023,GENERIC-GADGET-11,Facebook Ads,52.34,48,1057
10/27/2023,LAPTOP-STAND-ALU,Facebook Ads,29.35,24,548
10/27/2023,MECH-KEYBOARD-RGB,Google Ads,17.14,14,288
10/27/2023,GAMER-CHAIR-PRO,Facebook Ads,18.83,12,225
10/27/2023,VR-HEADSET-LITE,Facebook Ads,32.88,25,407
10/27/2023,SMART-HUB-X,Google Ads,129.95,59,1020
10/27/2023,USB-C-CABLE-2M,Facebook Ads,7.55,15,352
10/27/2023,SCREEN-CLEAN-KIT,Google Ads,21.61,15,362
10/27/2023,MOUSE-PAD-XL,Facebook Ads,55.97,39,729
10/27/2023,GENERIC-GADGET-0,Facebook Ads,12.5,9,232
10/27/2023,GENERIC-GADGET-1,Facebook Ads,29.88,20,344
10/27/2023,GENERIC-GADGET-2,Facebook Ads,15.25,16,361
10/27/2023,GENERIC-GADGET-3,Facebook Ads,48.79,40,666
10/27/2023,GENERIC-GADGET-4,Facebook Ads,23.43,27,683
10/27/2023,GENERIC-GADGET-5,Google Ads,17.65,15,331
10/27/2023,GENERIC-GADGET-6,Google Ads,59.23,41,815
10/27/2023,GENERIC-GADGET-7,Google Ads,41.97,31,712
10/27/2023,GENERIC-GADGET-8,Google Ads,32.59,24,617
10/27/2023,GENERIC-GADGET-9,Google Ads,35.6,32,668
10/27/2023,GENERIC-GADGET-10,Google Ads,46.26,48,1108
10/27/2023,GENERIC-GADGET-11,Google Ads,28.95,33,642
10/28/2023,LAPTOP-STAND-ALU,Facebook Ads,17.48,18,311
10/28/2023,MECH-KEYBOARD-RGB,Facebook Ads,14.66,17,340
10/28/2023,GAMER-CHAIR-PRO,Google Ads,16.71,13,316
10/28/2023,VR-HEADSET-LITE,Facebook Ads,15.7,10,236
10/28/2023,SMART-HUB-X,Facebook Ads,113.4,66,1591
10/28/2023,USB-C-CABLE-2M,Google Ads,19.51,39,606
10/28/2023,SCREEN-CLEAN-KIT,Facebook Ads,13.14,13,258
10/28/2023,MOUSE-PAD-XL,Google Ads,35.44,35,770
10/28/2023,GENERIC-GADGET-0,Facebook Ads,33.25,39,809
10/28/2023,GENERIC-GADGET-1,Facebook Ads,52.87,46,793
10/28/2023,GENERIC-GADGET-2,Facebook Ads,40.03,32,739
10/28/2023,GENERIC-GADGET-3,Facebook Ads,11.37,9,195
10/28/2023,GENERIC-GADGET-4,Facebook Ads,41.3,30,532
10/28/2023,GENERIC-GADGET-5,Google Ads,13.74,11,186
10/28/2023,GENERIC-GADGET-6,Google Ads,53.55,62,1056
10/28/2023,GENERIC-GADGET-7,Google Ads,31.34,21,542
10/28/2023,GENERIC-GADGET-8,Google Ads,31.48,25,545
10/28/2023,GENERIC-GADGET-9,Google Ads,48.89,56,1156
10/28/2023,GENERIC-GADGET-10,Facebook Ads,24.15,16,409
10/28/2023,GENERIC-GADGET-11,Google Ads,18.07,20,489
10/29/2023,LAPTOP-STAND-ALU,Google Ads,38.7,27,491
10/29/2023,MECH-KEYBOARD-RGB,Google Ads,33.71,28,545
10/29/2023,GAMER-CHAIR-PRO,Facebook Ads,32.49,37,642
10/29/2023,VR-HEADSET-LITE,Facebook Ads,46.59,49,1029
10/29/2023,SMART-HUB-X,Facebook Ads,81.04,45,704
10/29/2023,USB-C-CABLE-2M,Facebook Ads,13.59,27,474
10/29/2023,SCREEN-CLEAN-KIT,Facebook Ads,27.61,19,398
10/29/2023,MOUSE-PAD-XL,Facebook Ads,40.27,38,926
10/29/2023,GENERIC-GADGET-0,Google Ads,58.36,56,1281
10/29/2023,GENERIC-GADGET-1,Facebook Ads,56.35,66,1540
10/29/2023,GENERIC-GADGET-2,Facebook Ads,50.82,56,1063
10/29/2023,GENERIC-GADGET-3,Google Ads,16.89,18,340
10/29/2023,GENERIC-GADGET-4,Facebook Ads,23.77,23,513
10/29/2023,GENERIC-GADGET-5,Facebook Ads,59.7,63,1571
10/29/2023,GENERIC-GADGET-6,Facebook Ads,33.08,37,661
10/29/2023,GENERIC-GADGET-7,Facebook Ads,41.27,41,1027
10/29/2023,GENERIC-GADGET-8,Google Ads,21.48,20,494
10/29/2023,GENERIC-GADGET-9,Facebook Ads,34.14,41,623
10/29/2023,GENERIC-GADGET-10,Facebook Ads,47.9,38,644
10/29/2023,GENERIC-GADGET-11,Facebook Ads,58.78,39,651
10/30/2023,LAPTOP-STAND-ALU,Facebook Ads,49.43,54,903
10/30/2023,MECH-KEYBOARD-RGB,Facebook Ads,41.38,29,594
10/30/2023,GAMER-CHAIR-PRO,Google Ads,54.7,52,919
10/30/2023,VR-HEADSET-LITE,Facebook Ads,15.55,13,285
10/30/2023,SMART-HUB-X,Facebook Ads,52.31,32,721
10/30/2023,USB-C-CABLE-2M,Facebook Ads,10.95,21,422
10/30/2023,SCREEN-CLEAN-KIT,Facebook Ads,49.39,56,1206
10/30/2023,MOUSE-PAD-XL,Google Ads,29,23,383
10/30/2023,GENERIC-GADGET-0,Facebook Ads,21.94,20,354
10/30/2023,GENERIC-GADGET-1,Google Ads,52.93,40,970
10/30/2023,GENERIC-GADGET-2,Google Ads,27.78,29,488
10/30/2023,GENERIC-GADGET-3,Facebook Ads,50.53,61,970
10/30/2023,GENERIC-GADGET-4,Google Ads,51.73,35,538
10/30/2023,GENERIC-GADGET-5,Google Ads,39.07,34,782
10/30/2023,GENERIC-GADGET-6,Google Ads,32.05,34,665
10/30/2023,GENERIC-GADGET-7,Google Ads,11.33,13,221
10/30/2023,GENERIC-GADGET-8,Facebook Ads,33.09,35,660
10/30/2023,GENERIC-GADGET-9,Google Ads,56.93,38,927
10/30/2023,GENERIC-GADGET-10,Facebook Ads,14.06,9,180
10/30/2023,GENERIC-GADGET-11,Google Ads,19.32,13,264
10/31/2023,LAPTOP-STAND-ALU,Google Ads,53.01,42,737
10/31/2023,MECH-KEYBOARD-RGB,Facebook Ads,32.16,31,522
10/31/2023,GAMER-CHAIR-PRO,Google Ads,57.47,38,798
10/31/2023,VR-HEADSET-LITE,Facebook Ads,58.21,47,914
10/31/2023,SMART-HUB-X,Google Ads,147.51,87,1765
10/31/2023,USB-C-CABLE-2M,Facebook Ads,16.38,32,654
10/31/2023,SCREEN-CLEAN-KIT,Google Ads,28.3,29,596
10/31/2023,MOUSE-PAD-XL,Facebook Ads,23.69,26,600
10/31/2023,GENERIC-GADGET-0,Google Ads,27.46,21,466
10/31/2023,GENERIC-GADGET-1,Google Ads,23.5,15,364
10/31/2023,GENERIC-GADGET-2,Google Ads,38.46,34,760
10/31/2023,GENERIC-GADGET-3,Facebook Ads,47.51,36,889
10/31/2023,GENERIC-GADGET-4,Google Ads,59.14,67,1380
10/31/2023,GENERIC-GADGET-5,Facebook Ads,26.6,28,693
10/31/2023,GENERIC-GADGET-6,Google Ads,27.38,19,474
10/31/2023,GENERIC-GADGET-7,Facebook Ads,34.14,25,611
10/31/2023,GENERIC-GADGET-8,Facebook Ads,58.62,42,901
10/31/2023,GENERIC-GADGET-9,Facebook Ads,25.21,28,532
10/31/2023,GENERIC-GADGET-10,Google Ads,34.14,32,674
10/31/2023,GENERIC-GADGET-11,Facebook Ads,30.28,25,490
11/1/2023,LAPTOP-STAND-ALU,Facebook Ads,14.28,15,256
11/1/2023,MECH-KEYBOARD-RGB,Google Ads,19.31,13,260
11/1/2023,GAMER-CHAIR-PRO,Facebook Ads,25.35,25,475
11/1/2023,VR-HEADSET-LITE,Facebook Ads,38,30,507
11/1/2023,SMART-HUB-X,Google Ads,121.81,65,1394
11/1/2023,USB-C-CABLE-2M,Google Ads,16.43,32,551
11/1/2023,SCREEN-CLEAN-KIT,Google Ads,15.33,11,247
11/1/2023,MOUSE-PAD-XL,Google Ads,59.01,60,1491
11/1/2023,GENERIC-GADGET-0,Google Ads,16.83,18,397
11/1/2023,GENERIC-GADGET-1,Facebook Ads,17.65,15,369
11/1/2023,GENERIC-GADGET-2,Facebook Ads,22.49,16,335
11/1/2023,GENERIC-GADGET-3,Google Ads,21.39,17,336
11/1/2023,GENERIC-GADGET-4,Facebook Ads,43.3,37,939
11/1/2023,GENERIC-GADGET-5,Google Ads,41.71,42,799
11/1/2023,GENERIC-GADGET-6,Facebook Ads,44.9,44,775
11/1/2023,GENERIC-GADGET-7,Facebook Ads,42.98,49,908
11/1/2023,GENERIC-GADGET-8,Facebook Ads,45.61,55,825
11/1/2023,GENERIC-GADGET-9,Google Ads,20.57,17,343
11/1/2023,GENERIC-GADGET-10,Facebook Ads,54.7,36,866
11/1/2023,GENERIC-GADGET-11,Facebook Ads,40.52,33,504
11/2/2023,LAPTOP-STAND-ALU,Google Ads,22.56,19,442
11/2/2023,MECH-KEYBOARD-RGB,Google Ads,28.6,20,348
11/2/2023,GAMER-CHAIR-PRO,Facebook Ads,16.55,11,245
11/2/2023,VR-HEADSET-LITE,Google Ads,46.47,35,832
11/2/2023,SMART-HUB-X,Facebook Ads,128.99,64,1597
11/2/2023,USB-C-CABLE-2M,Facebook Ads,17.96,35,885
11/2/2023,SCREEN-CLEAN-KIT,Google Ads,55.37,57,944
11/2/2023,MOUSE-PAD-XL,Google Ads,48.42,54,913
11/2/2023,GENERIC-GADGET-0,Facebook Ads,33.02,27,567
11/2/2023,GENERIC-GADGET-1,Facebook Ads,36.92,26,584
11/2/2023,GENERIC-GADGET-2,Google Ads,16.94,17,312
11/2/2023,GENERIC-GADGET-3,Google Ads,42.11,36,581
11/2/2023,GENERIC-GADGET-4,Facebook Ads,24.72,23,549
11/2/2023,GENERIC-GADGET-5,Google Ads,21.06,22,563
11/2/2023,GENERIC-GADGET-6,Facebook Ads,29.6,20,498
11/2/2023,GENERIC-GADGET-7,Facebook Ads,30.53,29,567
11/2/2023,GENERIC-GADGET-8,Google Ads,55.2,49,987
11/2/2023,GENERIC-GADGET-9,Google Ads,55.73,39,818
11/2/2023,GENERIC-GADGET-10,Google Ads,42.89,33,821
11/2/2023,GENERIC-GADGET-11,Google Ads,41.38,28,597
11/3/2023,LAPTOP-STAND-ALU,Google Ads,12.05,10,265
11/3/2023,MECH-KEYBOARD-RGB,Google Ads,28.23,31,665
11/3/2023,GAMER-CHAIR-PRO,Facebook Ads,39.49,44,952
11/3/2023,VR-HEADSET-LITE,Google Ads,53.7,53,1214
11/3/2023,SMART-HUB-X,Facebook Ads,52.31,33,767
11/3/2023,USB-C-CABLE-2M,Facebook Ads,15.08,30,526
11/3/2023,SCREEN-CLEAN-KIT,Google Ads,16.28,17,302
11/3/2023,MOUSE-PAD-XL,Google Ads,35.94,28,519
11/3/2023,GENERIC-GADGET-0,Google Ads,23.37,18,439
11/3/2023,GENERIC-GADGET-1,Google Ads,11.72,12,243
11/3/2023,GENERIC-GADGET-2,Facebook Ads,22.67,26,526
11/3/2023,GENERIC-GADGET-3,Facebook Ads,47.08,44,897
11/3/2023,GENERIC-GADGET-4,Google Ads,19.48,20,314
11/3/2023,GENERIC-GADGET-5,Facebook Ads,41.89,34,797
11/3/2023,GENERIC-GADGET-6,Facebook Ads,31.73,29,484
11/3/2023,GENERIC-GADGET-7,Facebook Ads,26.44,29,616
11/3/2023,GENERIC-GADGET-8,Facebook Ads,49.79,48,975
11/3/2023,GENERIC-GADGET-9,Facebook Ads,43.36,31,698
11/3/2023,GENERIC-GADGET-10,Facebook Ads,20.95,25,485
11/3/2023,GENERIC-GADGET-11,Facebook Ads,17.42,16,349
11/4/2023,LAPTOP-STAND-ALU,Facebook Ads,29.79,20,500
11/4/2023,MECH-KEYBOARD-RGB,Facebook Ads,59.17,39,797
11/4/2023,GAMER-CHAIR-PRO,Facebook Ads,53.44,35,595
11/4/2023,VR-HEADSET-LITE,Google Ads,26.27,25,530
11/4/2023,SMART-HUB-X,Google Ads,135.1,58,1173
11/4/2023,USB-C-CABLE-2M,Google Ads,13.04,26,412
11/4/2023,SCREEN-CLEAN-KIT,Facebook Ads,19.77,17,437
11/4/2023,MOUSE-PAD-XL,Google Ads,49.89,37,881
11/4/2023,GENERIC-GADGET-0,Google Ads,40.01,43,824
11/4/2023,GENERIC-GADGET-1,Google Ads,44.34,53,1087
11/4/2023,GENERIC-GADGET-2,Facebook Ads,46.16,48,963
11/4/2023,GENERIC-GADGET-3,Facebook Ads,18.28,20,326
11/4/2023,GENERIC-GADGET-4,Facebook Ads,53.49,58,1422
11/4/2023,GENERIC-GADGET-5,Google Ads,29.65,24,564
11/4/2023,GENERIC-GADGET-6,Facebook Ads,26.5,27,423
11/4/2023,GENERIC-GADGET-7,Google Ads,51.11,38,791
11/4/2023,GENERIC-GADGET-8,Facebook Ads,20.51,20,446
11/4/2023,GENERIC-GADGET-9,Facebook Ads,11.35,8,136
11/4/2023,GENERIC-GADGET-10,Facebook Ads,21.15,16,308
11/4/2023,GENERIC-GADGET-11,Google Ads,17.93,14,279
11/5/2023,LAPTOP-STAND-ALU,Facebook Ads,44.28,31,577
11/5/2023,MECH-KEYBOARD-RGB,Facebook Ads,28.41,24,471
11/5/2023,GAMER-CHAIR-PRO,Facebook Ads,14.69,11,184
11/5/2023,VR-HEADSET-LITE,Google Ads,19.12,13,233
11/5/2023,SMART-HUB-X,Facebook Ads,68.5,28,499
11/5/2023,USB-C-CABLE-2M,Google Ads,5.93,11,218
11/5/2023,SCREEN-CLEAN-KIT,Google Ads,18.37,22,408
11/5/2023,MOUSE-PAD-XL,Google Ads,28.01,23,468
11/5/2023,GENERIC-GADGET-0,Facebook Ads,23.54,23,482
11/5/2023,GENERIC-GADGET-1,Facebook Ads,47.61,38,946
11/5/2023,GENERIC-GADGET-2,Facebook Ads,39.77,37,876
11/5/2023,GENERIC-GADGET-3,Google Ads,53.79,52,1160
11/5/2023,GENERIC-GADGET-4,Facebook Ads,21.11,14,323
11/5/2023,GENERIC-GADGET-5,Google Ads,29.44,23,422
11/5/2023,GENERIC-GADGET-6,Facebook Ads,46.92,51,1252
11/5/2023,GENERIC-GADGET-7,Google Ads,37.57,31,651
11/5/2023,GENERIC-GADGET-8,Google Ads,24.12,23,445
11/5/2023,GENERIC-GADGET-9,Facebook Ads,41.64,32,798
11/5/2023,GENERIC-GADGET-10,Google Ads,50.57,58,1454
11/5/2023,GENERIC-GADGET-11,Google Ads,59.56,42,931
11/6/2023,LAPTOP-STAND-ALU,Google Ads,21.19,22,365
11/6/2023,MECH-KEYBOARD-RGB,Google Ads,53.61,50,875
11/6/2023,GAMER-CHAIR-PRO,Facebook Ads,52.37,43,706
11/6/2023,VR-HEADSET-LITE,Google Ads,33.84,24,418
11/6/2023,SMART-HUB-X,Facebook Ads,55.16,25,605
11/6/2023,USB-C-CABLE-2M,Facebook Ads,6.65,13,310
11/6/2023,SCREEN-CLEAN-KIT,Google Ads,27.07,22,481
11/6/2023,MOUSE-PAD-XL,Facebook Ads,20.45,18,414
11/6/2023,GENERIC-GADGET-0,Google Ads,51.46,39,787
11/6/2023,GENERIC-GADGET-1,Google Ads,36.87,27,518
11/6/2023,GENERIC-GADGET-2,Google Ads,33.69,35,588
11/6/2023,GENERIC-GADGET-3,Facebook Ads,58.73,50,813
11/6/2023,GENERIC-GADGET-4,Facebook Ads,40.83,49,1103
11/6/2023,GENERIC-GADGET-5,Facebook Ads,53.68,37,586
11/6/2023,GENERIC-GADGET-6,Google Ads,50,54,868
11/6/2023,GENERIC-GADGET-7,Google Ads,52.22,41,699
11/6/2023,GENERIC-GADGET-8,Facebook Ads,57.92,50,821
11/6/2023,GENERIC-GADGET-9,Google Ads,36.66,30,503
11/6/2023,GENERIC-GADGET-10,Facebook Ads,17.46,18,366
11/6/2023,GENERIC-GADGET-11,Google Ads,18.1,12,271
11/7/2023,LAPTOP-STAND-ALU,Facebook Ads,17.05,14,235
11/7/2023,MECH-KEYBOARD-RGB,Facebook Ads,22.05,18,384
11/7/2023,GAMER-CHAIR-PRO,Facebook Ads,31.05,20,451
11/7/2023,VR-HEADSET-LITE,Google Ads,24.76,23,380
11/7/2023,SMART-HUB-X,Google Ads,139.17,66,1231
11/7/2023,USB-C-CABLE-2M,Facebook Ads,10.45,20,368
11/7/2023,SCREEN-CLEAN-KIT,Google Ads,22.98,15,379
11/7/2023,MOUSE-PAD-XL,Facebook Ads,12.03,9,153
11/7/2023,GENERIC-GADGET-0,Google Ads,13.68,13,266
11/7/2023,GENERIC-GADGET-1,Facebook Ads,40.27,27,502
11/7/2023,GENERIC-GADGET-2,Facebook Ads,15.39,13,285
11/7/2023,GENERIC-GADGET-3,Google Ads,37.55,32,797
11/7/2023,GENERIC-GADGET-4,Google Ads,17.41,18,276
11/7/2023,GENERIC-GADGET-5,Google Ads,45.01,44,1085
11/7/2023,GENERIC-GADGET-6,Google Ads,41.45,36,705
11/7/2023,GENERIC-GADGET-7,Google Ads,46.29,53,1020
11/7/2023,GENERIC-GADGET-8,Google Ads,17.77,19,487
11/7/2023,GENERIC-GADGET-9,Facebook Ads,52.95,55,1350
11/7/2023,GENERIC-GADGET-10,Google Ads,54.81,48,861
11/7/2023,GENERIC-GADGET-11,Google Ads,18.46,14,308
11/8/2023,LAPTOP-STAND-ALU,Facebook Ads,31.18,36,588
11/8/2023,MECH-KEYBOARD-RGB,Google Ads,39.98,27,650
11/8/2023,GAMER-CHAIR-PRO,Facebook Ads,50.36,41,847
11/8/2023,VR-HEADSET-LITE,Facebook Ads,14.31,15,327
11/8/2023,SMART-HUB-X,Facebook Ads,75.14,38,805
11/8/2023,USB-C-CABLE-2M,Google Ads,10.8,21,343
11/8/2023,SCREEN-CLEAN-KIT,Google Ads,44.81,32,799
11/8/2023,MOUSE-PAD-XL,Facebook Ads,26.47,19,302
11/8/2023,GENERIC-GADGET-0,Facebook Ads,39,33,836
11/8/2023,GENERIC-GADGET-1,Google Ads,48.12,47,775
11/8/2023,GENERIC-GADGET-2,Facebook Ads,19.71,14,264
11/8/2023,GENERIC-GADGET-3,Google Ads,14.3,11,172
11/8/2023,GENERIC-GADGET-4,Facebook Ads,44.15,55,1162
11/8/2023,GENERIC-GADGET-5,Google Ads,25.1,16,259
11/8/2023,GENERIC-GADGET-6,Google Ads,22.6,25,429
11/8/2023,GENERIC-GADGET-7,Facebook Ads,26.83,29,613
11/8/2023,GENERIC-GADGET-8,Facebook Ads,48.33,36,716
11/8/2023,GENERIC-GADGET-9,Google Ads,59.07,41,955
11/8/2023,GENERIC-GADGET-10,Facebook Ads,36.33,31,599
11/8/2023,GENERIC-GADGET-11,Facebook Ads,15.82,12,307
11/9/2023,LAPTOP-STAND-ALU,Google Ads,21.9,19,353
11/9/2023,MECH-KEYBOARD-RGB,Facebook Ads,52.62,41,938
11/9/2023,GAMER-CHAIR-PRO,Google Ads,13.51,10,254
11/9/2023,VR-HEADSET-LITE,Facebook Ads,31.25,21,433
11/9/2023,SMART-HUB-X,Google Ads,75.02,33,628
11/9/2023,USB-C-CABLE-2M,Google Ads,18.63,37,808
11/9/2023,SCREEN-CLEAN-KIT,Facebook Ads,46.37,45,909
11/9/2023,MOUSE-PAD-XL,Google Ads,55.76,58,959
11/9/2023,GENERIC-GADGET-0,Google Ads,20.64,24,369
11/9/2023,GENERIC-GADGET-1,Google Ads,44.3,37,771
11/9/2023,GENERIC-GADGET-2,Google Ads,47.02,45,1087
11/9/2023,GENERIC-GADGET-3,Facebook Ads,42.12,51,936
11/9/2023,GENERIC-GADGET-4,Facebook Ads,53.95,38,920
11/9/2023,GENERIC-GADGET-5,Google Ads,10.87,8,192
11/9/2023,GENERIC-GADGET-6,Google Ads,23.82,22,366
11/9/2023,GENERIC-GADGET-7,Facebook Ads,14.01,13,275
11/9/2023,GENERIC-GADGET-8,Facebook Ads,38.13,37,861
11/9/2023,GENERIC-GADGET-9,Facebook Ads,50.6,56,1236
11/9/2023,GENERIC-GADGET-10,Google Ads,31.98,25,620
11/9/2023,GENERIC-GADGET-11,Facebook Ads,13.69,11,202
11/10/2023,LAPTOP-STAND-ALU,Facebook Ads,37.45,40,841
11/10/2023,MECH-KEYBOARD-RGB,Google Ads,43.63,46,945
11/10/2023,GAMER-CHAIR-PRO,Google Ads,32.9,37,785
11/10/2023,VR-HEADSET-LITE,Facebook Ads,18.71,12,239
11/10/2023,SMART-HUB-X,Facebook Ads,129.85,74,1367
11/10/2023,USB-C-CABLE-2M,Facebook Ads,5.43,10,186
11/10/2023,SCREEN-CLEAN-KIT,Google Ads,40.39,41,850
11/10/2023,MOUSE-PAD-XL,Google Ads,40.11,27,485
11/10/2023,GENERIC-GADGET-0,Facebook Ads,44.63,36,677
11/10/2023,GENERIC-GADGET-1,Google Ads,58.21,69,1613
11/10/2023,GENERIC-GADGET-2,Google Ads,43.38,40,844
11/10/2023,GENERIC-GADGET-3,Facebook Ads,43.79,29,696
11/10/2023,GENERIC-GADGET-4,Facebook Ads,42.15,29,657
11/10/2023,GENERIC-GADGET-5,Google Ads,34.79,41,1031
11/10/2023,GENERIC-GADGET-6,Facebook Ads,39.83,28,631
11/10/2023,GENERIC-GADGET-7,Google Ads,58.14,44,747
11/10/2023,GENERIC-GADGET-8,Google Ads,57.77,50,1176
11/10/2023,GENERIC-GADGET-9,Facebook Ads,29.33,21,490
11/10/2023,GENERIC-GADGET-10,Google Ads,46.68,56,875
11/10/2023,GENERIC-GADGET-11,Facebook Ads,14.29,9,156
11/11/2023,LAPTOP-STAND-ALU,Facebook Ads,42.78,34,631
11/11/2023,MECH-KEYBOARD-RGB,Google Ads,38.56,26,613
11/11/2023,GAMER-CHAIR-PRO,Facebook Ads,43.89,47,1047
11/11/2023,VR-HEADSET-LITE,Facebook Ads,29.26,31,674
11/11/2023,SMART-HUB-X,Google Ads,124.25,53,998
11/11/2023,USB-C-CABLE-2M,Google Ads,7.59,15,325
11/11/2023,SCREEN-CLEAN-KIT,Facebook Ads,11.51,9,197
11/11/2023,MOUSE-PAD-XL,Facebook Ads,38.51,34,709
11/11/2023,GENERIC-GADGET-0,Facebook Ads,15.37,12,204
11/11/2023,GENERIC-GADGET-1,Facebook Ads,53.91,44,699
11/11/2023,GENERIC-GADGET-2,Google Ads,26.06,17,370
11/11/2023,GENERIC-GADGET-3,Google Ads,20.5,13,228
11/11/2023,GENERIC-GADGET-4,Google Ads,18.81,14,233
11/11/2023,GENERIC-GADGET-5,Google Ads,33.19,40,1000
11/11/2023,GENERIC-GADGET-6,Facebook Ads,10.31,8,145
11/11/2023,GENERIC-GADGET-7,Facebook Ads,33.68,25,431
11/11/2023,GENERIC-GADGET-8,Google Ads,10.42,7,177
11/11/2023,GENERIC-GADGET-9,Facebook Ads,14.52,11,246
11/11/2023,GENERIC-GADGET-10,Google Ads,59.84,60,1468
11/11/2023,GENERIC-GADGET-11,Facebook Ads,16.13,15,309
11/12/2023,LAPTOP-STAND-ALU,Facebook Ads,21.57,17,281
11/12/2023,MECH-KEYBOARD-RGB,Google Ads,11.87,12,292
11/12/2023,GAMER-CHAIR-PRO,Facebook Ads,44.81,36,609
11/12/2023,VR-HEADSET-LITE,Google Ads,52.77,35,864
11/12/2023,SMART-HUB-X,Facebook Ads,71.73,42,913
11/12/2023,USB-C-CABLE-2M,Google Ads,17.7,35,815
11/12/2023,SCREEN-CLEAN-KIT,Facebook Ads,36.38,40,826
11/12/2023,MOUSE-PAD-XL,Google Ads,39.29,43,856
11/12/2023,GENERIC-GADGET-0,Facebook Ads,48.64,44,1087
11/12/2023,GENERIC-GADGET-1,Facebook Ads,15.06,12,228
11/12/2023,GENERIC-GADGET-2,Google Ads,15.48,17,309
11/12/2023,GENERIC-GADGET-3,Google Ads,29.33,25,470
11/12/2023,GENERIC-GADGET-4,Facebook Ads,36.35,37,779
11/12/2023,GENERIC-GADGET-5,Google Ads,40.07,33,802
11/12/2023,GENERIC-GADGET-6,Google Ads,40.53,31,692
11/12/2023,GENERIC-GADGET-7,Google Ads,39.95,49,1090
11/12/2023,GENERIC-GADGET-8,Facebook Ads,53.12,39,662
11/12/2023,GENERIC-GADGET-9,Facebook Ads,28.62,19,413
11/12/2023,GENERIC-GADGET-10,Google Ads,56.22,44,979
11/12/2023,GENERIC-GADGET-11,Google Ads,54.08,49,784
11/13/2023,LAPTOP-STAND-ALU,Google Ads,30.94,22,455
11/13/2023,MECH-KEYBOARD-RGB,Facebook Ads,30.51,20,497
11/13/2023,GAMER-CHAIR-PRO,Google Ads,27,20,509
11/13/2023,VR-HEADSET-LITE,Facebook Ads,59.3,65,1048
11/13/2023,SMART-HUB-X,Facebook Ads,101.38,52,1082
11/13/2023,USB-C-CABLE-2M,Facebook Ads,6.97,13,299
11/13/2023,SCREEN-CLEAN-KIT,Facebook Ads,15.93,12,301
11/13/2023,MOUSE-PAD-XL,Facebook Ads,46.89,56,1125
11/13/2023,GENERIC-GADGET-0,Facebook Ads,49.33,58,1036
11/13/2023,GENERIC-GADGET-1,Google Ads,19.91,13,288
11/13/2023,GENERIC-GADGET-2,Facebook Ads,21.42,22,347
11/13/2023,GENERIC-GADGET-3,Facebook Ads,48.8,36,681
11/13/2023,GENERIC-GADGET-4,Facebook Ads,27.37,18,359
11/13/2023,GENERIC-GADGET-5,Facebook Ads,42.19,33,700
11/13/2023,GENERIC-GADGET-6,Google Ads,48.68,40,860
11/13/2023,GENERIC-GADGET-7,Google Ads,29.63,33,615
11/13/2023,GENERIC-GADGET-8,Facebook Ads,25.79,20,468
11/13/2023,GENERIC-GADGET-9,Facebook Ads,23.15,21,376
11/13/2023,GENERIC-GADGET-10,Google Ads,46.82,58,927
11/13/2023,GENERIC-GADGET-11,Google Ads,55.02,55,1013
11/14/2023,LAPTOP-STAND-ALU,Facebook Ads,19.13,22,373
11/14/2023,MECH-KEYBOARD-RGB,Google Ads,13.7,15,323
11/14/2023,GAMER-CHAIR-PRO,Google Ads,26.67,20,485
11/14/2023,VR-HEADSET-LITE,Google Ads,32.04,35,656
11/14/2023,SMART-HUB-X,Google Ads,78.4,44,984
11/14/2023,USB-C-CABLE-2M,Google Ads,17.66,35,734
11/14/2023,SCREEN-CLEAN-KIT,Facebook Ads,46.74,49,864
11/14/2023,MOUSE-PAD-XL,Facebook Ads,53.65,49,938
11/14/2023,GENERIC-GADGET-0,Google Ads,50.54,49,790
11/14/2023,GENERIC-GADGET-1,Google Ads,16.64,13,241
11/14/2023,GENERIC-GADGET-2,Facebook Ads,14.61,12,305
11/14/2023,GENERIC-GADGET-3,Google Ads,43.8,37,695
11/14/2023,GENERIC-GADGET-4,Google Ads,37.27,27,432
11/14/2023,GENERIC-GADGET-5,Facebook Ads,16.09,19,472
11/14/2023,GENERIC-GADGET-6,Facebook Ads,33.3,35,701
11/14/2023,GENERIC-GADGET-7,Google Ads,34.51,28,654
11/14/2023,GENERIC-GADGET-8,Google Ads,41.89,28,687
11/14/2023,GENERIC-GADGET-9,Google Ads,20.77,17,317
11/14/2023,GENERIC-GADGET-10,Google Ads,20.5,17,438
11/14/2023,GENERIC-GADGET-11,Facebook Ads,24.47,18,350
11/15/2023,LAPTOP-STAND-ALU,Facebook Ads,57.46,43,835
11/15/2023,MECH-KEYBOARD-RGB,Google Ads,22.96,16,368
11/15/2023,GAMER-CHAIR-PRO,Google Ads,11.71,8,128
11/15/2023,VR-HEADSET-LITE,Google Ads,27.3,24,585
11/15/2023,SMART-HUB-X,Google Ads,116.53,49,854
11/15/2023,USB-C-CABLE-2M,Google Ads,16.97,33,692
11/15/2023,SCREEN-CLEAN-KIT,Google Ads,41.59,44,770
11/15/2023,MOUSE-PAD-XL,Google Ads,36.94,33,580
11/15/2023,GENERIC-GADGET-0,Google Ads,34.32,28,586
11/15/2023,GENERIC-GADGET-1,Facebook Ads,36.28,31,735
11/15/2023,GENERIC-GADGET-2,Google Ads,34.5,29,681
11/15/2023,GENERIC-GADGET-3,Facebook Ads,33.2,34,730
11/15/2023,GENERIC-GADGET-4,Facebook Ads,28.68,23,435
11/15/2023,GENERIC-GADGET-5,Google Ads,50.08,41,935
11/15/2023,GENERIC-GADGET-6,Google Ads,58.32,40,917
11/15/2023,GENERIC-GADGET-7,Google Ads,37.94,27,457
11/15/2023,GENERIC-GADGET-8,Facebook Ads,57.04,59,1479
11/15/2023,GENERIC-GADGET-9,Facebook Ads,13.36,13,296
11/15/2023,GENERIC-GADGET-10,Google Ads,53.26,62,1186
11/15/2023,GENERIC-GADGET-11,Google Ads,49.68,51,1141
11/16/2023,LAPTOP-STAND-ALU,Facebook Ads,14.13,14,252
11/16/2023,MECH-KEYBOARD-RGB,Facebook Ads,24.12,25,567
11/16/2023,GAMER-CHAIR-PRO,Facebook Ads,53.38,38,855
11/16/2023,VR-HEADSET-LITE,Facebook Ads,11.56,9,169
11/16/2023,SMART-HUB-X,Google Ads,59.74,31,523
11/16/2023,USB-C-CABLE-2M,Facebook Ads,13.74,27,577
11/16/2023,SCREEN-CLEAN-KIT,Google Ads,23.32,16,254
11/16/2023,MOUSE-PAD-XL,Google Ads,42.38,41,809
11/16/2023,GENERIC-GADGET-0,Google Ads,31.53,22,450
11/16/2023,GENERIC-GADGET-1,Google Ads,48.11,56,980
11/16/2023,GENERIC-GADGET-2,Google Ads,55.58,50,1006
11/16/2023,GENERIC-GADGET-3,Google Ads,20.87,14,297
11/16/2023,GENERIC-GADGET-4,Google Ads,16.7,14,313
11/16/2023,GENERIC-GADGET-5,Facebook Ads,30.19,20,435
11/16/2023,GENERIC-GADGET-6,Facebook Ads,26.36,28,551
11/16/2023,GENERIC-GADGET-7,Facebook Ads,52.46,36,692
11/16/2023,GENERIC-GADGET-8,Facebook Ads,46.04,37,595
11/16/2023,GENERIC-GADGET-9,Google Ads,21.11,17,402
11/16/2023,GENERIC-GADGET-10,Google Ads,30.88,37,829
11/16/2023,GENERIC-GADGET-11,Google Ads,46.96,36,660
11/17/2023,LAPTOP-STAND-ALU,Google Ads,39.12,32,541
11/17/2023,MECH-KEYBOARD-RGB,Google Ads,24.44,22,520
11/17/2023,GAMER-CHAIR-PRO,Facebook Ads,48.24,49,866
11/17/2023,VR-HEADSET-LITE,Google Ads,18.4,14,304
11/17/2023,SMART-HUB-X,Facebook Ads,142.48,67,1312
11/17/2023,USB-C-CABLE-2M,Google Ads,12.27,24,429
11/17/2023,SCREEN-CLEAN-KIT,Google Ads,34.91,27,620
11/17/2023,MOUSE-PAD-XL,Google Ads,40.27,29,670
11/17/2023,GENERIC-GADGET-0,Facebook Ads,41,46,981
11/17/2023,GENERIC-GADGET-1,Facebook Ads,54.92,37,786
11/17/2023,GENERIC-GADGET-2,Facebook Ads,16.34,12,256
11/17/2023,GENERIC-GADGET-3,Google Ads,35.68,35,808
11/17/2023,GENERIC-GADGET-4,Google Ads,56.88,66,1574
11/17/2023,GENERIC-GADGET-5,Facebook Ads,35.96,34,785
11/17/2023,GENERIC-GADGET-6,Google Ads,53.08,64,1232
11/17/2023,GENERIC-GADGET-7,Google Ads,28.38,19,297
11/17/2023,GENERIC-GADGET-8,Google Ads,41.6,46,799
11/17/2023,GENERIC-GADGET-9,Google Ads,39.45,36,599
11/17/2023,GENERIC-GADGET-10,Facebook Ads,29.54,23,595
11/17/2023,GENERIC-GADGET-11,Google Ads,48.73,59,1327
11/18/2023,LAPTOP-STAND-ALU,Facebook Ads,43.95,31,713
11/18/2023,MECH-KEYBOARD-RGB,Google Ads,56.14,69,1559
11/18/2023,GAMER-CHAIR-PRO,Facebook Ads,29.39,24,445
11/18/2023,VR-HEADSET-LITE,Facebook Ads,18.39,18,355
11/18/2023,SMART-HUB-X,Facebook Ads,135.05,64,1131
11/18/2023,USB-C-CABLE-2M,Facebook Ads,14.4,28,709
11/18/2023,SCREEN-CLEAN-KIT,Google Ads,43.25,29,595
11/18/2023,MOUSE-PAD-XL,Facebook Ads,57.77,46,726
11/18/2023,GENERIC-GADGET-0,Facebook Ads,59.16,55,1183
11/18/2023,GENERIC-GADGET-1,Google Ads,57.61,57,1023
11/18/2023,GENERIC-GADGET-2,Facebook Ads,11.77,13,269
11/18/2023,GENERIC-GADGET-3,Google Ads,25.26,23,575
11/18/2023,GENERIC-GADGET-4,Facebook Ads,32.73,25,494
11/18/2023,GENERIC-GADGET-5,Facebook Ads,31.39,23,461
11/18/2023,GENERIC-GADGET-6,Google Ads,51.5,39,601
11/18/2023,GENERIC-GADGET-7,Facebook Ads,40.79,47,924
11/18/2023,GENERIC-GADGET-8,Google Ads,27.5,21,417
11/18/2023,GENERIC-GADGET-9,Google Ads,27.8,20,501
11/18/2023,GENERIC-GADGET-10,Google Ads,33.12,26,454
11/18/2023,GENERIC-GADGET-11,Facebook Ads,59.81,57,954
11/19/2023,LAPTOP-STAND-ALU,Google Ads,34.12,42,814
11/19/2023,MECH-KEYBOARD-RGB,Google Ads,29.3,23,447
11/19/2023,GAMER-CHAIR-PRO,Facebook Ads,26.92,18,373
11/19/2023,VR-HEADSET-LITE,Google Ads,17.43,11,189
11/19/2023,SMART-HUB-X,Facebook Ads,112.41,65,1611
11/19/2023,USB-C-CABLE-2M,Google Ads,6.72,13,253
11/19/2023,SCREEN-CLEAN-KIT,Google Ads,46.92,45,1101
11/19/2023,MOUSE-PAD-XL,Google Ads,17.08,18,343
11/19/2023,GENERIC-GADGET-0,Google Ads,44.5,29,522
11/19/2023,GENERIC-GADGET-1,Google Ads,16.19,11,247
11/19/2023,GENERIC-GADGET-2,Google Ads,18.94,13,236
11/19/2023,GENERIC-GADGET-3,Google Ads,49.59,58,963
11/19/2023,GENERIC-GADGET-4,Google Ads,41.99,32,780
11/19/2023,GENERIC-GADGET-5,Google Ads,11.77,8,160
11/19/2023,GENERIC-GADGET-6,Facebook Ads,13.28,11,186
11/19/2023,GENERIC-GADGET-7,Facebook Ads,32.84,26,410
11/19/2023,GENERIC-GADGET-8,Facebook Ads,14.49,12,254
11/19/2023,GENERIC-GADGET-9,Google Ads,29.69,21,494
11/19/2023,GENERIC-GADGET-10,Google Ads,16.81,13,296
11/19/2023,GENERIC-GADGET-11,Google Ads,56.5,63,1324
11/20/2023,LAPTOP-STAND-ALU,Google Ads,30.93,32,582
11/20/2023,MECH-KEYBOARD-RGB,Facebook Ads,39.82,34,633
11/20/2023,GAMER-CHAIR-PRO,Facebook Ads,11.6,10,245
11/20/2023,VR-HEADSET-LITE,Google Ads,41.24,37,668
11/20/2023,SMART-HUB-X,Facebook Ads,131.96,63,961
11/20/2023,USB-C-CABLE-2M,Facebook Ads,13.18,26,574
11/20/2023,SCREEN-CLEAN-KIT,Google Ads,51.97,42,983
11/20/2023,MOUSE-PAD-XL,Google Ads,39.16,26,552
11/20/2023,GENERIC-GADGET-0,Google Ads,17.73,15,235
11/20/2023,GENERIC-GADGET-1,Google Ads,46.41,45,844
11/20/2023,GENERIC-GADGET-2,Facebook Ads,10.65,7,110
11/20/2023,GENERIC-GADGET-3,Facebook Ads,35.46,36,557
11/20/2023,GENERIC-GADGET-4,Google Ads,30.3,33,813
11/20/2023,GENERIC-GADGET-5,Facebook Ads,25.69,25,444
11/20/2023,GENERIC-GADGET-6,Google Ads,45.1,40,683
11/20/2023,GENERIC-GADGET-7,Facebook Ads,50.76,38,665
11/20/2023,GENERIC-GADGET-8,Google Ads,55.27,46,691
11/20/2023,GENERIC-GADGET-9,Facebook Ads,37.4,44,845
11/20/2023,GENERIC-GADGET-10,Google Ads,31.57,28,534
11/20/2023,GENERIC-GADGET-11,Facebook Ads,29.26,25,526
11/21/2023,LAPTOP-STAND-ALU,Google Ads,31.3,32,580
11/21/2023,MECH-KEYBOARD-RGB,Google Ads,56.5,44,903
11/21/2023,GAMER-CHAIR-PRO,Facebook Ads,21.84,15,286
11/21/2023,VR-HEADSET-LITE,Google Ads,47.72,59,1452
11/21/2023,SMART-HUB-X,Google Ads,133.97,70,1277
11/21/2023,USB-C-CABLE-2M,Google Ads,12.83,25,458
11/21/2023,SCREEN-CLEAN-KIT,Facebook Ads,43.1,42,706
11/21/2023,MOUSE-PAD-XL,Facebook Ads,45.89,39,673
11/21/2023,GENERIC-GADGET-0,Google Ads,16.49,11,254
11/21/2023,GENERIC-GADGET-1,Google Ads,27.1,27,453
11/21/2023,GENERIC-GADGET-2,Google Ads,18.35,19,380
11/21/2023,GENERIC-GADGET-3,Facebook Ads,53.49,55,1175
11/21/2023,GENERIC-GADGET-4,Facebook Ads,38.31,44,768
11/21/2023,GENERIC-GADGET-5,Google Ads,14.23,17,279
11/21/2023,GENERIC-GADGET-6,Google Ads,50.34,34,862
11/21/2023,GENERIC-GADGET-7,Google Ads,55.62,38,842
11/21/2023,GENERIC-GADGET-8,Google Ads,23.25,22,450
11/21/2023,GENERIC-GADGET-9,Google Ads,48.84,47,945
11/21/2023,GENERIC-GADGET-10,Google Ads,30.22,36,699
11/21/2023,GENERIC-GADGET-11,Facebook Ads,26.03,18,446
11/22/2023,LAPTOP-STAND-ALU,Google Ads,57.34,38,822
11/22/2023,MECH-KEYBOARD-RGB,Google Ads,30.32,29,633
11/22/2023,GAMER-CHAIR-PRO,Google Ads,29.16,23,448
11/22/2023,VR-HEADSET-LITE,Google Ads,52.71,65,1602
11/22/2023,SMART-HUB-X,Facebook Ads,123.77,52,1229
11/22/2023,USB-C-CABLE-2M,Facebook Ads,10.63,21,455
11/22/2023,SCREEN-CLEAN-KIT,Facebook Ads,38.74,30,654
11/22/2023,MOUSE-PAD-XL,Facebook Ads,41.35,28,436
11/22/2023,GENERIC-GADGET-0,Google Ads,42.05,47,882
11/22/2023,GENERIC-GADGET-1,Google Ads,19.42,14,337
11/22/2023,GENERIC-GADGET-2,Facebook Ads,48.97,42,794
11/22/2023,GENERIC-GADGET-3,Facebook Ads,49.62,36,655
11/22/2023,GENERIC-GADGET-4,Google Ads,58.57,52,1046
11/22/2023,GENERIC-GADGET-5,Google Ads,10.25,8,130
11/22/2023,GENERIC-GADGET-6,Google Ads,55.38,63,1143
11/22/2023,GENERIC-GADGET-7,Facebook Ads,13.88,11,264
11/22/2023,GENERIC-GADGET-8,Facebook Ads,48.11,50,998
11/22/2023,GENERIC-GADGET-9,Facebook Ads,35.88,41,850
11/22/2023,GENERIC-GADGET-10,Facebook Ads,55.56,44,997
11/22/2023,GENERIC-GADGET-11,Facebook Ads,19.96,24,367
11/23/2023,LAPTOP-STAND-ALU,Google Ads,33.29,22,347
11/23/2023,MECH-KEYBOARD-RGB,Google Ads,10.72,10,176
11/23/2023,GAMER-CHAIR-PRO,Google Ads,52.4,34,540
11/23/2023,VR-HEADSET-LITE,Google Ads,14.17,13,303
11/23/2023,SMART-HUB-X,Google Ads,91.22,41,752
11/23/2023,USB-C-CABLE-2M,Facebook Ads,18.2,36,779
11/23/2023,SCREEN-CLEAN-KIT,Facebook Ads,13.38,16,406
11/23/2023,MOUSE-PAD-XL,Google Ads,32.47,30,516
11/23/2023,GENERIC-GADGET-0,Google Ads,10.09,8,177
11/23/2023,GENERIC-GADGET-1,Facebook Ads,47.68,36,773
11/23/2023,GENERIC-GADGET-2,Google Ads,33.5,23,569
11/23/2023,GENERIC-GADGET-3,Google Ads,23.03,15,383
11/23/2023,GENERIC-GADGET-4,Facebook Ads,18.78,19,369
11/23/2023,GENERIC-GADGET-5,Facebook Ads,32.11,25,499
11/23/2023,GENERIC-GADGET-6,Facebook Ads,21.52,18,376
11/23/2023,GENERIC-GADGET-7,Google Ads,27.26,18,285
11/23/2023,GENERIC-GADGET-8,Google Ads,23.04,20,451
11/23/2023,GENERIC-GADGET-9,Google Ads,35.53,40,795
11/23/2023,GENERIC-GADGET-10,Facebook Ads,38.28,40,730
11/23/2023,GENERIC-GADGET-11,Google Ads,21.28,14,321
11/24/2023,LAPTOP-STAND-ALU,Google Ads,59,54,1212
11/24/2023,MECH-KEYBOARD-RGB,Google Ads,25.54,17,315
11/24/2023,GAMER-CHAIR-PRO,Facebook Ads,27.89,30,631
11/24/2023,VR-HEADSET-LITE,Google Ads,50.5,45,697
11/24/2023,SMART-HUB-X,Facebook Ads,50.96,21,367
11/24/2023,USB-C-CABLE-2M,Facebook Ads,13.83,27,590
11/24/2023,SCREEN-CLEAN-KIT,Google Ads,39,27,685
11/24/2023,MOUSE-PAD-XL,Facebook Ads,33.1,28,521
11/24/2023,GENERIC-GADGET-0,Google Ads,52.37,36,873
11/24/2023,GENERIC-GADGET-1,Facebook Ads,36.5,24,407
11/24/2023,GENERIC-GADGET-2,Facebook Ads,36.14,33,790
11/24/2023,GENERIC-GADGET-3,Google Ads,23.31,18,324
11/24/2023,GENERIC-GADGET-4,Google Ads,11.99,8,200
11/24/2023,GENERIC-GADGET-5,Google Ads,49.29,38,806
11/24/2023,GENERIC-GADGET-6,Facebook Ads,50.43,55,889
11/24/2023,GENERIC-GADGET-7,Facebook Ads,43.67,35,744
11/24/2023,GENERIC-GADGET-8,Google Ads,53.83,41,1025
11/24/2023,GENERIC-GADGET-9,Facebook Ads,56.87,49,763
11/24/2023,GENERIC-GADGET-10,Facebook Ads,25.78,29,607
11/24/2023,GENERIC-GADGET-11,Facebook Ads,59.8,65,1411
11/25/2023,LAPTOP-STAND-ALU,Facebook Ads,32.66,33,699
11/25/2023,MECH-KEYBOARD-RGB,Google Ads,45.76,36,616
11/25/2023,GAMER-CHAIR-PRO,Google Ads,10.17,9,187
11/25/2023,VR-HEADSET-LITE,Facebook Ads,53.38,45,916
11/25/2023,SMART-HUB-X,Facebook Ads,101.65,53,1328
11/25/2023,USB-C-CABLE-2M,Google Ads,5.89,11,221
11/25/2023,SCREEN-CLEAN-KIT,Facebook Ads,36.18,27,484
11/25/2023,MOUSE-PAD-XL,Facebook Ads,41.31,29,693
11/25/2023,GENERIC-GADGET-0,Google Ads,26.47,18,393
11/25/2023,GENERIC-GADGET-1,Google Ads,22.34,19,301
11/25/2023,GENERIC-GADGET-2,Google Ads,22.21,18,329
11/25/2023,GENERIC-GADGET-3,Google Ads,27.53,19,485
11/25/2023,GENERIC-GADGET-4,Google Ads,18.48,16,418
11/25/2023,GENERIC-GADGET-5,Facebook Ads,34.02,24,610
11/25/2023,GENERIC-GADGET-6,Google Ads,47.88,35,558
11/25/2023,GENERIC-GADGET-7,Google Ads,26.33,32,608
11/25/2023,GENERIC-GADGET-8,Google Ads,54.56,58,1123
11/25/2023,GENERIC-GADGET-9,Google Ads,33.89,41,893
11/25/2023,GENERIC-GADGET-10,Facebook Ads,17.57,16,387
11/25/2023,GENERIC-GADGET-11,Google Ads,42.66,37,718
11/26/2023,LAPTOP-STAND-ALU,Facebook Ads,34.32,26,587
11/26/2023,MECH-KEYBOARD-RGB,Google Ads,12.45,8,141
11/26/2023,GAMER-CHAIR-PRO,Facebook Ads,47.28,41,771
11/26/2023,VR-HEADSET-LITE,Facebook Ads,43.29,37,938
11/26/2023,SMART-HUB-X,Google Ads,95.49,41,668
11/26/2023,USB-C-CABLE-2M,Facebook Ads,10.68,21,525
11/26/2023,SCREEN-CLEAN-KIT,Facebook Ads,41.55,27,561
11/26/2023,MOUSE-PAD-XL,Google Ads,54.8,62,1060
11/26/2023,GENERIC-GADGET-0,Facebook Ads,24.66,18,365
11/26/2023,GENERIC-GADGET-1,Facebook Ads,56.82,39,619
11/26/2023,GENERIC-GADGET-2,Google Ads,38.69,28,493
11/26/2023,GENERIC-GADGET-3,Facebook Ads,52.89,42,918
11/26/2023,GENERIC-GADGET-4,Facebook Ads,27.36,29,725
11/26/2023,GENERIC-GADGET-5,Google Ads,29.67,27,631
11/26/2023,GENERIC-GADGET-6,Google Ads,47.73,44,1100
11/26/2023,GENERIC-GADGET-7,Google Ads,16.1,11,205
11/26/2023,GENERIC-GADGET-8,Google Ads,43.89,29,569
11/26/2023,GENERIC-GADGET-9,Google Ads,24.23,18,336
11/26/2023,GENERIC-GADGET-10,Facebook Ads,47.56,31,696
11/26/2023,GENERIC-GADGET-11,Facebook Ads,28.06,23,493
11/27/2023,LAPTOP-STAND-ALU,Google Ads,46.55,44,761
11/27/2023,MECH-KEYBOARD-RGB,Google Ads,19.35,21,492
11/27/2023,GAMER-CHAIR-PRO,Facebook Ads,36.94,39,615
11/27/2023,VR-HEADSET-LITE,Google Ads,32.56,34,728
11/27/2023,SMART-HUB-X,Google Ads,118.35,52,1288
11/27/2023,USB-C-CABLE-2M,Facebook Ads,15.32,30,518
11/27/2023,SCREEN-CLEAN-KIT,Facebook Ads,58.14,66,1132
11/27/2023,MOUSE-PAD-XL,Google Ads,52.97,62,1342
11/27/2023,GENERIC-GADGET-0,Google Ads,16.73,11,193
11/27/2023,GENERIC-GADGET-1,Google Ads,19.4,15,237
11/27/2023,GENERIC-GADGET-2,Facebook Ads,59.19,42,1049
11/27/2023,GENERIC-GADGET-3,Google Ads,17.23,17,265
11/27/2023,GENERIC-GADGET-4,Google Ads,33.52,33,811
11/27/2023,GENERIC-GADGET-5,Google Ads,25.9,20,429
11/27/2023,GENERIC-GADGET-6,Google Ads,23.96,21,469
11/27/2023,GENERIC-GADGET-7,Google Ads,44.18,48,728
11/27/2023,GENERIC-GADGET-8,Google Ads,34.95,29,537
11/27/2023,GENERIC-GADGET-9,Facebook Ads,38.67,44,1047
11/27/2023,GENERIC-GADGET-10,Google Ads,40.53,46,835
11/27/2023,GENERIC-GADGET-11,Google Ads,29.05,22,454
11/28/2023,LAPTOP-STAND-ALU,Google Ads,56.75,48,1144
11/28/2023,MECH-KEYBOARD-RGB,Google Ads,59.24,50,1028
11/28/2023,GAMER-CHAIR-PRO,Google Ads,10.12,7,179
11/28/2023,VR-HEADSET-LITE,Facebook Ads,22.38,17,376
11/28/2023,SMART-HUB-X,Google Ads,78.39,50,1113
11/28/2023,USB-C-CABLE-2M,Facebook Ads,5.25,10,204
11/28/2023,SCREEN-CLEAN-KIT,Facebook Ads,52.54,40,738
11/28/2023,MOUSE-PAD-XL,Google Ads,53.78,47,805
11/28/2023,GENERIC-GADGET-0,Google Ads,29.76,30,636
11/28/2023,GENERIC-GADGET-1,Google Ads,12.65,11,229
11/28/2023,GENERIC-GADGET-2,Google Ads,31.29,30,499
11/28/2023,GENERIC-GADGET-3,Google Ads,57.53,49,860
11/28/2023,GENERIC-GADGET-4,Facebook Ads,38.22,27,652
11/28/2023,GENERIC-GADGET-5,Google Ads,51.2,37,641
11/28/2023,GENERIC-GADGET-6,Facebook Ads,10.16,7,147
11/28/2023,GENERIC-GADGET-7,Google Ads,50.87,36,649
11/28/2023,GENERIC-GADGET-8,Facebook Ads,58.21,72,1610
11/28/2023,GENERIC-GADGET-9,Google Ads,21.15,15,242
11/28/2023,GENERIC-GADGET-10,Facebook Ads,38.96,30,550
11/28/2023,GENERIC-GADGET-11,Google Ads,24.46,28,549
11/29/2023,LAPTOP-STAND-ALU,Facebook Ads,25.52,21,395
11/29/2023,MECH-KEYBOARD-RGB,Google Ads,16.74,11,299
11/29/2023,GAMER-CHAIR-PRO,Facebook Ads,20.46,20,471
11/29/2023,VR-HEADSET-LITE,Facebook Ads,44.02,30,754
11/29/2023,SMART-HUB-X,Facebook Ads,53.52,24,482
11/29/2023,USB-C-CABLE-2M,Google Ads,11.56,23,451
11/29/2023,SCREEN-CLEAN-KIT,Facebook Ads,46.98,41,1039
11/29/2023,MOUSE-PAD-XL,Google Ads,24.77,21,497
11/29/2023,GENERIC-GADGET-0,Facebook Ads,26.89,18,328
11/29/2023,GENERIC-GADGET-1,Facebook Ads,58.03,41,729
11/29/2023,GENERIC-GADGET-2,Google Ads,28.62,30,589
11/29/2023,GENERIC-GADGET-3,Google Ads,18.16,19,424
11/29/2023,GENERIC-GADGET-4,Facebook Ads,48.2,54,1337
11/29/2023,GENERIC-GADGET-5,Facebook Ads,28.29,24,446
11/29/2023,GENERIC-GADGET-6,Facebook Ads,44.82,43,786
11/29/2023,GENERIC-GADGET-7,Google Ads,41.17,49,1039
11/29/2023,GENERIC-GADGET-8,Facebook Ads,59.99,41,660
11/29/2023,GENERIC-GADGET-9,Facebook Ads,46.31,49,748
11/29/2023,GENERIC-GADGET-10,Facebook Ads,58.98,53,1086
11/29/2023,GENERIC-GADGET-11,Google Ads,43.06,32,558
11/30/2023,LAPTOP-STAND-ALU,Google Ads,33.03,23,592
11/30/2023,MECH-KEYBOARD-RGB,Facebook Ads,10.5,9,190
11/30/2023,GAMER-CHAIR-PRO,Facebook Ads,39.05,36,885
11/30/2023,VR-HEADSET-LITE,Facebook Ads,50.66,39,966
11/30/2023,SMART-HUB-X,Facebook Ads,95,43,1021
11/30/2023,USB-C-CABLE-2M,Google Ads,11.98,23,425
11/30/2023,SCREEN-CLEAN-KIT,Google Ads,39.31,34,705
11/30/2023,MOUSE-PAD-XL,Facebook Ads,58.84,48,1038
11/30/2023,GENERIC-GADGET-0,Facebook Ads,17.46,19,434
11/30/2023,GENERIC-GADGET-1,Google Ads,44.29,43,863
11/30/2023,GENERIC-GADGET-2,Facebook Ads,17.79,13,231
11/30/2023,GENERIC-GADGET-3,Facebook Ads,23.52,19,318
11/30/2023,GENERIC-GADGET-4,Facebook Ads,43.41,35,697
11/30/2023,GENERIC-GADGET-5,Google Ads,48.66,57,1005
11/30/2023,GENERIC-GADGET-6,Google Ads,34.02,32,518
11/30/2023,GENERIC-GADGET-7,Google Ads,46.83,50,1005
11/30/2023,GENERIC-GADGET-8,Facebook Ads,34.84,24,596
11/30/2023,GENERIC-GADGET-9,Google Ads,25.82,25,506
11/30/2023,GENERIC-GADGET-10,Facebook Ads,20.43,15,297
11/30/2023,GENERIC-GADGET-11,Google Ads,26.03,28,487
12/1/2023,LAPTOP-STAND-ALU,Facebook Ads,35.87,24,506
12/1/2023,MECH-KEYBOARD-RGB,Google Ads,41.17,33,624
12/1/2023,GAMER-CHAIR-PRO,Facebook Ads,54.1,59,1162
12/1/2023,VR-HEADSET-LITE,Facebook Ads,33.12,22,494
12/1/2023,SMART-HUB-X,Google Ads,87.13,45,965
12/1/2023,USB-C-CABLE-2M,Facebook Ads,5.08,10,182
12/1/2023,SCREEN-CLEAN-KIT,Facebook Ads,30.4,23,423
12/1/2023,MOUSE-PAD-XL,Google Ads,17.96,18,287
12/1/2023,GENERIC-GADGET-0,Google Ads,40.73,43,873
12/1/2023,GENERIC-GADGET-1,Google Ads,28.14,23,575
12/1/2023,GENERIC-GADGET-2,Facebook Ads,45.81,36,557
12/1/2023,GENERIC-GADGET-3,Google Ads,10,7,185
12/1/2023,GENERIC-GADGET-4,Facebook Ads,19.46,13,329
12/1/2023,GENERIC-GADGET-5,Facebook Ads,14.72,13,310
12/1/2023,GENERIC-GADGET-6,Facebook Ads,22.08,15,331
12/1/2023,GENERIC-GADGET-7,Facebook Ads,40.11,29,451
12/1/2023,GENERIC-GADGET-8,Google Ads,23.51,17,268
12/1/2023,GENERIC-GADGET-9,Facebook Ads,20.77,22,540
12/1/2023,GENERIC-GADGET-10,Google Ads,10,12,240
12/1/2023,GENERIC-GADGET-11,Facebook Ads,46.85,41,765
12/2/2023,LAPTOP-STAND-ALU,Google Ads,15.2,12,292
12/2/2023,MECH-KEYBOARD-RGB,Facebook Ads,14.33,15,290
12/2/2023,GAMER-CHAIR-PRO,Google Ads,54.72,54,935
12/2/2023,VR-HEADSET-LITE,Google Ads,10.71,11,216
12/2/2023,SMART-HUB-X,Facebook Ads,119.5,72,1496
12/2/2023,USB-C-CABLE-2M,Facebook Ads,18.52,37,821
12/2/2023,SCREEN-CLEAN-KIT,Google Ads,55.22,41,944
12/2/2023,MOUSE-PAD-XL,Google Ads,47.3,41,808
12/2/2023,GENERIC-GADGET-0,Facebook Ads,11.26,11,241
12/2/2023,GENERIC-GADGET-1,Google Ads,25.98,25,492
12/2/2023,GENERIC-GADGET-2,Google Ads,22.91,21,452
12/2/2023,GENERIC-GADGET-3,Google Ads,12.05,13,317
12/2/2023,GENERIC-GADGET-4,Google Ads,16.66,19,305
12/2/2023,GENERIC-GADGET-5,Google Ads,55.67,56,1300
12/2/2023,GENERIC-GADGET-6,Facebook Ads,26.54,30,658
12/2/2023,GENERIC-GADGET-7,Facebook Ads,48.02,41,727
12/2/2023,GENERIC-GADGET-8,Google Ads,14.34,10,177
12/2/2023,GENERIC-GADGET-9,Google Ads,34.4,29,448
12/2/2023,GENERIC-GADGET-10,Google Ads,35.35,33,749
12/2/2023,GENERIC-GADGET-11,Facebook Ads,31.5,31,628
12/3/2023,LAPTOP-STAND-ALU,Facebook Ads,10.65,11,184
12/3/2023,MECH-KEYBOARD-RGB,Google Ads,41.53,32,721
12/3/2023,GAMER-CHAIR-PRO,Google Ads,45.63,46,1115
12/3/2023,VR-HEADSET-LITE,Facebook Ads,35.97,29,648
12/3/2023,SMART-HUB-X,Facebook Ads,114.48,47,1132
12/3/2023,USB-C-CABLE-2M,Facebook Ads,19.39,38,903
12/3/2023,SCREEN-CLEAN-KIT,Google Ads,58.51,39,614
12/3/2023,MOUSE-PAD-XL,Facebook Ads,58.49,45,1103
12/3/2023,GENERIC-GADGET-0,Google Ads,30.84,30,491
12/3/2023,GENERIC-GADGET-1,Facebook Ads,58.04,57,1366
12/3/2023,GENERIC-GADGET-2,Google Ads,42.66,39,967
12/3/2023,GENERIC-GADGET-3,Facebook Ads,57.92,62,1477
12/3/2023,GENERIC-GADGET-4,Facebook Ads,37.47,36,636
12/3/2023,GENERIC-GADGET-5,Google Ads,58.47,50,782
12/3/2023,GENERIC-GADGET-6,Facebook Ads,54.51,49,1210
12/3/2023,GENERIC-GADGET-7,Google Ads,50.06,38,714
12/3/2023,GENERIC-GADGET-8,Facebook Ads,47.23,58,1289
12/3/2023,GENERIC-GADGET-9,Google Ads,58.44,50,759
12/3/2023,GENERIC-GADGET-10,Google Ads,15.23,16,359
12/3/2023,GENERIC-GADGET-11,Google Ads,30.79,27,522
12/4/2023,LAPTOP-STAND-ALU,Facebook Ads,59.9,43,867
12/4/2023,MECH-KEYBOARD-RGB,Facebook Ads,52.28,50,1006
12/4/2023,GAMER-CHAIR-PRO,Google Ads,35.9,27,520
12/4/2023,VR-HEADSET-LITE,Facebook Ads,11.26,7,194
12/4/2023,SMART-HUB-X,Facebook Ads,142.66,59,1212
12/4/2023,USB-C-CABLE-2M,Facebook Ads,7.81,15,266
12/4/2023,SCREEN-CLEAN-KIT,Google Ads,48.16,36,789
12/4/2023,MOUSE-PAD-XL,Google Ads,24.36,18,373
12/4/2023,GENERIC-GADGET-0,Google Ads,49.64,47,1172
12/4/2023,GENERIC-GADGET-1,Google Ads,25.83,30,688
12/4/2023,GENERIC-GADGET-2,Google Ads,12.71,15,320
12/4/2023,GENERIC-GADGET-3,Facebook Ads,43.12,31,666
12/4/2023,GENERIC-GADGET-4,Google Ads,23.95,27,567
12/4/2023,GENERIC-GADGET-5,Facebook Ads,25.2,24,510
12/4/2023,GENERIC-GADGET-6,Facebook Ads,43.84,30,585
12/4/2023,GENERIC-GADGET-7,Facebook Ads,30.85,32,520
12/4/2023,GENERIC-GADGET-8,Facebook Ads,35.6,40,664
12/4/2023,GENERIC-GADGET-9,Facebook Ads,31.88,24,576
12/4/2023,GENERIC-GADGET-10,Facebook Ads,15.65,12,319
12/4/2023,GENERIC-GADGET-11,Facebook Ads,40.54,34,536
12/5/2023,LAPTOP-STAND-ALU,Facebook Ads,13.12,10,251
12/5/2023,MECH-KEYBOARD-RGB,Google Ads,27.1,27,598
12/5/2023,GAMER-CHAIR-PRO,Facebook Ads,55.98,58,1164
12/5/2023,VR-HEADSET-LITE,Google Ads,30.62,23,514
12/5/2023,SMART-HUB-X,Facebook Ads,148.33,84,1341
12/5/2023,USB-C-CABLE-2M,Facebook Ads,10.16,20,323
12/5/2023,SCREEN-CLEAN-KIT,Facebook Ads,39.14,28,709
12/5/2023,MOUSE-PAD-XL,Google Ads,34.04,30,566
12/5/2023,GENERIC-GADGET-0,Google Ads,57.79,56,1224
12/5/2023,GENERIC-GADGET-1,Google Ads,51.85,43,660
12/5/2023,GENERIC-GADGET-2,Google Ads,17.52,15,357
12/5/2023,GENERIC-GADGET-3,Facebook Ads,29.99,37,792
12/5/2023,GENERIC-GADGET-4,Google Ads,20.51,18,287
12/5/2023,GENERIC-GADGET-5,Facebook Ads,27.7,27,552
12/5/2023,GENERIC-GADGET-6,Facebook Ads,17.24,14,248
12/5/2023,GENERIC-GADGET-7,Google Ads,51.37,37,834
12/5/2023,GENERIC-GADGET-8,Facebook Ads,52.52,45,689
12/5/2023,GENERIC-GADGET-9,Facebook Ads,13.93,10,171
12/5/2023,GENERIC-GADGET-10,Facebook Ads,58.64,42,812
12/5/2023,GENERIC-GADGET-11,Facebook Ads,54.98,47,1010
12/6/2023,LAPTOP-STAND-ALU,Facebook Ads,17,17,369
12/6/2023,MECH-KEYBOARD-RGB,Google Ads,40.65,48,902
12/6/2023,GAMER-CHAIR-PRO,Facebook Ads,30,33,501
12/6/2023,VR-HEADSET-LITE,Google Ads,49.18,52,1170
12/6/2023,SMART-HUB-X,Facebook Ads,85.72,55,1007
12/6/2023,USB-C-CABLE-2M,Google Ads,11.37,22,446
12/6/2023,SCREEN-CLEAN-KIT,Google Ads,29.96,30,477
12/6/2023,MOUSE-PAD-XL,Facebook Ads,48.49,32,527
12/6/2023,GENERIC-GADGET-0,Facebook Ads,21.19,15,278
12/6/2023,GENERIC-GADGET-1,Facebook Ads,18.91,22,425
12/6/2023,GENERIC-GADGET-2,Facebook Ads,33.68,31,630
12/6/2023,GENERIC-GADGET-3,Facebook Ads,48.65,46,970
12/6/2023,GENERIC-GADGET-4,Facebook Ads,53.98,36,563
12/6/2023,GENERIC-GADGET-5,Google Ads,18.99,16,352
12/6/2023,GENERIC-GADGET-6,Google Ads,52.37,39,847
12/6/2023,GENERIC-GADGET-7,Google Ads,33.6,25,490
12/6/2023,GENERIC-GADGET-8,Facebook Ads,17.46,12,289
12/6/2023,GENERIC-GADGET-9,Facebook Ads,11.78,14,314
12/6/2023,GENERIC-GADGET-10,Google Ads,21.97,16,407
12/6/2023,GENERIC-GADGET-11,Google Ads,53.53,39,790
12/7/2023,LAPTOP-STAND-ALU,Google Ads,11.31,10,250
12/7/2023,MECH-KEYBOARD-RGB,Google Ads,24.2,18,421
12/7/2023,GAMER-CHAIR-PRO,Google Ads,37.71,37,644
12/7/2023,VR-HEADSET-LITE,Facebook Ads,53.31,47,1061
12/7/2023,SMART-HUB-X,Facebook Ads,143.84,58,1345
12/7/2023,USB-C-CABLE-2M,Facebook Ads,19.47,38,782
12/7/2023,SCREEN-CLEAN-KIT,Facebook Ads,34.72,26,538
12/7/2023,MOUSE-PAD-XL,Facebook Ads,14.81,10,258
12/7/2023,GENERIC-GADGET-0,Facebook Ads,49.44,55,1343
12/7/2023,GENERIC-GADGET-1,Facebook Ads,15.84,11,233
12/7/2023,GENERIC-GADGET-2,Facebook Ads,12.01,10,243
12/7/2023,GENERIC-GADGET-3,Google Ads,48.8,37,859
12/7/2023,GENERIC-GADGET-4,Facebook Ads,10.16,11,224
12/7/2023,GENERIC-GADGET-5,Google Ads,13.6,12,291
12/7/2023,GENERIC-GADGET-6,Google Ads,54.01,37,597
12/7/2023,GENERIC-GADGET-7,Facebook Ads,18.09,22,414
12/7/2023,GENERIC-GADGET-8,Facebook Ads,55.1,44,1033
12/7/2023,GENERIC-GADGET-9,Google Ads,48.73,39,766
12/7/2023,GENERIC-GADGET-10,Google Ads,26.13,19,327
12/7/2023,GENERIC-GADGET-11,Facebook Ads,29.39,24,444
12/8/2023,LAPTOP-STAND-ALU,Facebook Ads,25.16,26,564
12/8/2023,MECH-KEYBOARD-RGB,Facebook Ads,17.45,18,426
12/8/2023,GAMER-CHAIR-PRO,Google Ads,22.52,21,384
12/8/2023,VR-HEADSET-LITE,Google Ads,31.24,24,600
12/8/2023,SMART-HUB-X,Facebook Ads,149.27,81,1735
12/8/2023,USB-C-CABLE-2M,Google Ads,6.71,13,234
12/8/2023,SCREEN-CLEAN-KIT,Facebook Ads,37.31,31,775
12/8/2023,MOUSE-PAD-XL,Google Ads,31.89,33,826
12/8/2023,GENERIC-GADGET-0,Google Ads,45.63,36,577
12/8/2023,GENERIC-GADGET-1,Facebook Ads,38.67,44,944
12/8/2023,GENERIC-GADGET-2,Google Ads,19.6,22,443
12/8/2023,GENERIC-GADGET-3,Google Ads,42.49,28,702
12/8/2023,GENERIC-GADGET-4,Facebook Ads,36.53,27,418
12/8/2023,GENERIC-GADGET-5,Facebook Ads,57.55,43,975
12/8/2023,GENERIC-GADGET-6,Google Ads,18.55,13,276
12/8/2023,GENERIC-GADGET-7,Facebook Ads,11.03,9,218
12/8/2023,GENERIC-GADGET-8,Google Ads,16.47,17,274
12/8/2023,GENERIC-GADGET-9,Google Ads,15.1,12,249
12/8/2023,GENERIC-GADGET-10,Google Ads,40.28,30,464
12/8/2023,GENERIC-GADGET-11,Google Ads,22.53,16,290
12/9/2023,LAPTOP-STAND-ALU,Facebook Ads,26.55,20,423
12/9/2023,MECH-KEYBOARD-RGB,Facebook Ads,46.1,34,536
12/9/2023,GAMER-CHAIR-PRO,Google Ads,32.3,39,634
12/9/2023,VR-HEADSET-LITE,Facebook Ads,26.33,25,527
12/9/2023,SMART-HUB-X,Google Ads,112.04,45,850
12/9/2023,USB-C-CABLE-2M,Google Ads,15.56,31,669
12/9/2023,SCREEN-CLEAN-KIT,Facebook Ads,12.42,11,252
12/9/2023,MOUSE-PAD-XL,Facebook Ads,44.03,41,892
12/9/2023,GENERIC-GADGET-0,Google Ads,17.84,13,212
12/9/2023,GENERIC-GADGET-1,Google Ads,26.1,20,478
12/9/2023,GENERIC-GADGET-2,Facebook Ads,20.61,16,390
12/9/2023,GENERIC-GADGET-3,Facebook Ads,51.44,44,711
12/9/2023,GENERIC-GADGET-4,Google Ads,16.85,12,227
12/9/2023,GENERIC-GADGET-5,Google Ads,18.21,12,315
12/9/2023,GENERIC-GADGET-6,Facebook Ads,13.24,11,283
12/9/2023,GENERIC-GADGET-7,Facebook Ads,56.4,53,1007
12/9/2023,GENERIC-GADGET-8,Facebook Ads,27.62,24,424
12/9/2023,GENERIC-GADGET-9,Facebook Ads,51.38,48,1111
12/9/2023,GENERIC-GADGET-10,Google Ads,57.3,51,1177
12/9/2023,GENERIC-GADGET-11,Google Ads,25.57,24,556
12/10/2023,LAPTOP-STAND-ALU,Facebook Ads,59.11,62,1101
12/10/2023,MECH-KEYBOARD-RGB,Facebook Ads,18.98,18,422
12/10/2023,GAMER-CHAIR-PRO,Google Ads,28.68,29,594
12/10/2023,VR-HEADSET-LITE,Google Ads,53.7,39,699
12/10/2023,SMART-HUB-X,Google Ads,106.68,54,956
12/10/2023,USB-C-CABLE-2M,Facebook Ads,17.29,34,689
12/10/2023,SCREEN-CLEAN-KIT,Facebook Ads,54.8,49,1196
12/10/2023,MOUSE-PAD-XL,Facebook Ads,32.06,21,341
12/10/2023,GENERIC-GADGET-0,Google Ads,15.62,18,352
12/10/2023,GENERIC-GADGET-1,Facebook Ads,53.67,42,673
12/10/2023,GENERIC-GADGET-2,Google Ads,43.18,40,657
12/10/2023,GENERIC-GADGET-3,Facebook Ads,43.24,39,853
12/10/2023,GENERIC-GADGET-4,Facebook Ads,56.97,47,930
12/10/2023,GENERIC-GADGET-5,Google Ads,30.03,21,403
12/10/2023,GENERIC-GADGET-6,Google Ads,32.31,22,414
12/10/2023,GENERIC-GADGET-7,Facebook Ads,34.84,24,475
12/10/2023,GENERIC-GADGET-8,Facebook Ads,36.97,35,706
12/10/2023,GENERIC-GADGET-9,Google Ads,11.58,11,201
12/10/2023,GENERIC-GADGET-10,Google Ads,43.19,36,626
12/10/2023,GENERIC-GADGET-11,Facebook Ads,23.07,16,399
12/11/2023,LAPTOP-STAND-ALU,Facebook Ads,32.19,31,600
12/11/2023,MECH-KEYBOARD-RGB,Facebook Ads,55.23,37,654
12/11/2023,GAMER-CHAIR-PRO,Google Ads,60,47,851
12/11/2023,VR-HEADSET-LITE,Google Ads,57.06,41,931
12/11/2023,SMART-HUB-X,Facebook Ads,111.73,49,972
12/11/2023,USB-C-CABLE-2M,Facebook Ads,17.42,34,856
12/11/2023,SCREEN-CLEAN-KIT,Google Ads,47.35,36,852
12/11/2023,MOUSE-PAD-XL,Google Ads,29.07,20,480
12/11/2023,GENERIC-GADGET-0,Facebook Ads,30.5,29,672
12/11/2023,GENERIC-GADGET-1,Google Ads,12.83,9,167
12/11/2023,GENERIC-GADGET-2,Facebook Ads,32.67,26,574
12/11/2023,GENERIC-GADGET-3,Facebook Ads,48.85,40,791
12/11/2023,GENERIC-GADGET-4,Facebook Ads,47.64,41,776
12/11/2023,GENERIC-GADGET-5,Google Ads,16.04,14,301
12/11/2023,GENERIC-GADGET-6,Facebook Ads,24.57,21,446
12/11/2023,GENERIC-GADGET-7,Google Ads,46.17,51,1107
12/11/2023,GENERIC-GADGET-8,Facebook Ads,44.54,35,859
12/11/2023,GENERIC-GADGET-9,Facebook Ads,38.82,40,960
12/11/2023,GENERIC-GADGET-10,Facebook Ads,47.86,39,658
12/11/2023,GENERIC-GADGET-11,Google Ads,20.54,19,488
12/12/2023,LAPTOP-STAND-ALU,Google Ads,51.99,45,1026
12/12/2023,MECH-KEYBOARD-RGB,Google Ads,52.98,42,710
12/12/2023,GAMER-CHAIR-PRO,Google Ads,12.73,8,208
12/12/2023,VR-HEADSET-LITE,Google Ads,55.57,53,976
12/12/2023,SMART-HUB-X,Facebook Ads,110.56,54,1182
12/12/2023,USB-C-CABLE-2M,Facebook Ads,6.11,12,231
12/12/2023,SCREEN-CLEAN-KIT,Google Ads,35.83,26,496
12/12/2023,MOUSE-PAD-XL,Facebook Ads,33.49,31,785
12/12/2023,GENERIC-GADGET-0,Facebook Ads,56.98,56,1184
12/12/2023,GENERIC-GADGET-1,Facebook Ads,27.2,18,383
12/12/2023,GENERIC-GADGET-2,Google Ads,27.29,23,521
12/12/2023,GENERIC-GADGET-3,Facebook Ads,37.39,45,905
12/12/2023,GENERIC-GADGET-4,Google Ads,19.83,21,410
12/12/2023,GENERIC-GADGET-5,Google Ads,49.95,40,616
12/12/2023,GENERIC-GADGET-6,Google Ads,58.76,55,1141
12/12/2023,GENERIC-GADGET-7,Facebook Ads,45.14,32,788
12/12/2023,GENERIC-GADGET-8,Facebook Ads,54.17,51,1202
12/12/2023,GENERIC-GADGET-9,Facebook Ads,10.86,13,289
12/12/2023,GENERIC-GADGET-10,Google Ads,50.91,60,1197
12/12/2023,GENERIC-GADGET-11,Facebook Ads,37.34,28,471
12/13/2023,LAPTOP-STAND-ALU,Facebook Ads,24.24,18,322
12/13/2023,MECH-KEYBOARD-RGB,Facebook Ads,51.18,60,1369
12/13/2023,GAMER-CHAIR-PRO,Google Ads,53.27,40,829
12/13/2023,VR-HEADSET-LITE,Google Ads,29.86,28,672
12/13/2023,SMART-HUB-X,Google Ads,119.75,60,1511
12/13/2023,USB-C-CABLE-2M,Google Ads,6.33,12,206
12/13/2023,SCREEN-CLEAN-KIT,Google Ads,45.72,51,818
12/13/2023,MOUSE-PAD-XL,Facebook Ads,21.53,25,378
12/13/2023,GENERIC-GADGET-0,Google Ads,22.57,16,350
12/13/2023,GENERIC-GADGET-1,Google Ads,53.31,65,1067
12/13/2023,GENERIC-GADGET-2,Google Ads,23.27,21,493
12/13/2023,GENERIC-GADGET-3,Google Ads,35.64,30,561
12/13/2023,GENERIC-GADGET-4,Google Ads,27.32,19,468
12/13/2023,GENERIC-GADGET-5,Google Ads,32.9,30,634
12/13/2023,GENERIC-GADGET-6,Facebook Ads,29.82,25,543
12/13/2023,GENERIC-GADGET-7,Facebook Ads,54.61,36,836
12/13/2023,GENERIC-GADGET-8,Google Ads,25.05,16,400
12/13/2023,GENERIC-GADGET-9,Facebook Ads,14.85,17,400
12/13/2023,GENERIC-GADGET-10,Google Ads,22.35,22,427
12/13/2023,GENERIC-GADGET-11,Facebook Ads,23.45,21,489
12/14/2023,LAPTOP-STAND-ALU,Google Ads,24.24,22,512
12/14/2023,MECH-KEYBOARD-RGB,Facebook Ads,44.56,31,624
12/14/2023,GAMER-CHAIR-PRO,Facebook Ads,48.29,47,733
12/14/2023,VR-HEADSET-LITE,Facebook Ads,27.02,19,458
12/14/2023,SMART-HUB-X,Facebook Ads,90.62,39,967
12/14/2023,USB-C-CABLE-2M,Facebook Ads,13.1,26,550
12/14/2023,SCREEN-CLEAN-KIT,Facebook Ads,16.28,17,333
12/14/2023,MOUSE-PAD-XL,Google Ads,28.7,22,379
12/14/2023,GENERIC-GADGET-0,Facebook Ads,40.18,35,713
12/14/2023,GENERIC-GADGET-1,Google Ads,43.89,29,718
12/14/2023,GENERIC-GADGET-2,Facebook Ads,23.12,22,530
12/14/2023,GENERIC-GADGET-3,Facebook Ads,26.6,20,372
12/14/2023,GENERIC-GADGET-4,Google Ads,47.97,37,668
12/14/2023,GENERIC-GADGET-5,Facebook Ads,41.3,28,552
12/14/2023,GENERIC-GADGET-6,Facebook Ads,53.75,37,937
12/14/2023,GENERIC-GADGET-7,Google Ads,28.86,24,584
12/14/2023,GENERIC-GADGET-8,Google Ads,54.17,36,574
12/14/2023,GENERIC-GADGET-9,Google Ads,39.76,43,1092
12/14/2023,GENERIC-GADGET-10,Google Ads,19.04,14,267
12/14/2023,GENERIC-GADGET-11,Google Ads,32.06,37,584
12/15/2023,LAPTOP-STAND-ALU,Facebook Ads,18.22,13,303
12/15/2023,MECH-KEYBOARD-RGB,Google Ads,30.32,25,563
12/15/2023,GAMER-CHAIR-PRO,Google Ads,19.5,16,392
12/15/2023,VR-HEADSET-LITE,Google Ads,12.23,9,194
12/15/2023,SMART-HUB-X,Facebook Ads,104,41,861
12/15/2023,USB-C-CABLE-2M,Google Ads,12.88,25,604
12/15/2023,SCREEN-CLEAN-KIT,Facebook Ads,32.67,29,635
12/15/2023,MOUSE-PAD-XL,Facebook Ads,16.7,19,410
12/15/2023,GENERIC-GADGET-0,Facebook Ads,29.44,24,368
12/15/2023,GENERIC-GADGET-1,Facebook Ads,51.95,52,1114
12/15/2023,GENERIC-GADGET-2,Facebook Ads,34.6,41,768
12/15/2023,GENERIC-GADGET-3,Facebook Ads,11.93,11,269
12/15/2023,GENERIC-GADGET-4,Google Ads,51.02,37,819
12/15/2023,GENERIC-GADGET-5,Google Ads,16.18,19,307
12/15/2023,GENERIC-GADGET-6,Facebook Ads,18.54,13,305
12/15/2023,GENERIC-GADGET-7,Google Ads,25.66,17,388
12/15/2023,GENERIC-GADGET-8,Google Ads,27.57,19,374
12/15/2023,GENERIC-GADGET-9,Facebook Ads,24.63,23,359
12/15/2023,GENERIC-GADGET-10,Facebook Ads,13.52,12,236
12/15/2023,GENERIC-GADGET-11,Facebook Ads,16.03,17,349
12/16/2023,LAPTOP-STAND-ALU,Google Ads,38.78,46,1014
12/16/2023,MECH-KEYBOARD-RGB,Google Ads,10.89,8,146
12/16/2023,GAMER-CHAIR-PRO,Google Ads,50.9,41,1036
12/16/2023,VR-HEADSET-LITE,Google Ads,40.01,31,765
12/16/2023,SMART-HUB-X,Google Ads,98.35,55,1047
12/16/2023,USB-C-CABLE-2M,Facebook Ads,16.03,32,597
12/16/2023,SCREEN-CLEAN-KIT,Facebook Ads,30.02,25,488
12/16/2023,MOUSE-PAD-XL,Facebook Ads,11.63,13,302
12/16/2023,GENERIC-GADGET-0,Facebook Ads,32.44,34,572
12/16/2023,GENERIC-GADGET-1,Google Ads,38.99,33,770
12/16/2023,GENERIC-GADGET-2,Google Ads,40.81,32,521
12/16/2023,GENERIC-GADGET-3,Google Ads,27.52,20,340
12/16/2023,GENERIC-GADGET-4,Google Ads,58.82,41,968
12/16/2023,GENERIC-GADGET-5,Facebook Ads,26.52,27,630
12/16/2023,GENERIC-GADGET-6,Facebook Ads,25.38,23,514
12/16/2023,GENERIC-GADGET-7,Facebook Ads,33.86,27,643
12/16/2023,GENERIC-GADGET-8,Facebook Ads,36.79,33,754
12/16/2023,GENERIC-GADGET-9,Google Ads,29.42,28,670
12/16/2023,GENERIC-GADGET-10,Facebook Ads,38.74,40,968
12/16/2023,GENERIC-GADGET-11,Google Ads,47.03,52,964
12/17/2023,LAPTOP-STAND-ALU,Facebook Ads,36.21,44,744
12/17/2023,MECH-KEYBOARD-RGB,Google Ads,49.08,34,523
12/17/2023,GAMER-CHAIR-PRO,Google Ads,43.61,35,612
12/17/2023,VR-HEADSET-LITE,Facebook Ads,42.32,40,998
12/17/2023,SMART-HUB-X,Facebook Ads,63.79,36,868
12/17/2023,USB-C-CABLE-2M,Google Ads,7.55,15,295
12/17/2023,SCREEN-CLEAN-KIT,Facebook Ads,36.5,42,699
12/17/2023,MOUSE-PAD-XL,Google Ads,46.3,56,1373
12/17/2023,GENERIC-GADGET-0,Google Ads,35.97,38,951
12/17/2023,GENERIC-GADGET-1,Google Ads,14.86,16,415
12/17/2023,GENERIC-GADGET-2,Facebook Ads,13.3,12,269
12/17/2023,GENERIC-GADGET-3,Google Ads,46.28,38,705
12/17/2023,GENERIC-GADGET-4,Google Ads,50.44,47,740
12/17/2023,GENERIC-GADGET-5,Facebook Ads,14.35,11,279
12/17/2023,GENERIC-GADGET-6,Google Ads,23.55,16,262
12/17/2023,GENERIC-GADGET-7,Google Ads,51.13,37,671
12/17/2023,GENERIC-GADGET-8,Facebook Ads,16.04,12,249
12/17/2023,GENERIC-GADGET-9,Facebook Ads,10.54,7,142
12/17/2023,GENERIC-GADGET-10,Facebook Ads,27.28,23,503
12/17/2023,GENERIC-GADGET-11,Google Ads,45.19,56,1087
12/18/2023,LAPTOP-STAND-ALU,Facebook Ads,53.2,50,841
12/18/2023,MECH-KEYBOARD-RGB,Google Ads,28.88,20,495
12/18/2023,GAMER-CHAIR-PRO,Google Ads,53.9,54,1276
12/18/2023,VR-HEADSET-LITE,Facebook Ads,43.75,54,1052
12/18/2023,SMART-HUB-X,Google Ads,99.83,50,871
12/18/2023,USB-C-CABLE-2M,Google Ads,14.67,29,643
12/18/2023,SCREEN-CLEAN-KIT,Google Ads,41.17,32,768
12/18/2023,MOUSE-PAD-XL,Facebook Ads,47.66,37,672
12/18/2023,GENERIC-GADGET-0,Google Ads,13.39,10,183
12/18/2023,GENERIC-GADGET-1,Google Ads,52.8,65,1075
12/18/2023,GENERIC-GADGET-2,Google Ads,36.33,26,578
12/18/2023,GENERIC-GADGET-3,Facebook Ads,58.82,59,1328
12/18/2023,GENERIC-GADGET-4,Google Ads,27.1,23,431
12/18/2023,GENERIC-GADGET-5,Facebook Ads,46.04,38,585
12/18/2023,GENERIC-GADGET-6,Google Ads,18.79,15,338
12/18/2023,GENERIC-GADGET-7,Facebook Ads,47.51,33,584
12/18/2023,GENERIC-GADGET-8,Google Ads,15.32,15,373
12/18/2023,GENERIC-GADGET-9,Facebook Ads,51.23,39,609
12/18/2023,GENERIC-GADGET-10,Facebook Ads,24.14,19,350
12/18/2023,GENERIC-GADGET-11,Google Ads,47.31,37,875
12/19/2023,LAPTOP-STAND-ALU,Facebook Ads,36.22,27,426
12/19/2023,MECH-KEYBOARD-RGB,Google Ads,29.81,20,359
12/19/2023,GAMER-CHAIR-PRO,Facebook Ads,18.41,22,355
12/19/2023,VR-HEADSET-LITE,Google Ads,19.3,17,427
12/19/2023,SMART-HUB-X,Facebook Ads,142.47,74,1470
12/19/2023,USB-C-CABLE-2M,Facebook Ads,12.38,24,551
12/19/2023,SCREEN-CLEAN-KIT,Google Ads,36.4,39,830
12/19/2023,MOUSE-PAD-XL,Facebook Ads,33.94,22,507
12/19/2023,GENERIC-GADGET-0,Facebook Ads,52.91,47,962
12/19/2023,GENERIC-GADGET-1,Facebook Ads,12.81,11,269
12/19/2023,GENERIC-GADGET-2,Facebook Ads,17.49,12,267
12/19/2023,GENERIC-GADGET-3,Facebook Ads,39.92,28,658
12/19/2023,GENERIC-GADGET-4,Google Ads,14.69,13,237
12/19/2023,GENERIC-GADGET-5,Google Ads,27.67,19,409
12/19/2023,GENERIC-GADGET-6,Google Ads,58.27,40,635
12/19/2023,GENERIC-GADGET-7,Google Ads,45.28,45,881
12/19/2023,GENERIC-GADGET-8,Facebook Ads,25.53,21,369
12/19/2023,GENERIC-GADGET-9,Google Ads,10.52,13,260
12/19/2023,GENERIC-GADGET-10,Google Ads,27.9,27,550
12/19/2023,GENERIC-GADGET-11,Facebook Ads,18,12,225
12/20/2023,LAPTOP-STAND-ALU,Google Ads,44.86,32,633
12/20/2023,MECH-KEYBOARD-RGB,Facebook Ads,59.27,55,1117
12/20/2023,GAMER-CHAIR-PRO,Facebook Ads,58.86,51,1106
12/20/2023,VR-HEADSET-LITE,Facebook Ads,51.12,55,844
12/20/2023,SMART-HUB-X,Facebook Ads,75.8,44,776
12/20/2023,USB-C-CABLE-2M,Facebook Ads,5.03,10,174
12/20/2023,SCREEN-CLEAN-KIT,Google Ads,12.16,14,247
12/20/2023,MOUSE-PAD-XL,Facebook Ads,59.25,40,764
12/20/2023,GENERIC-GADGET-0,Facebook Ads,40.85,29,597
12/20/2023,GENERIC-GADGET-1,Google Ads,38.66,40,990
12/20/2023,GENERIC-GADGET-2,Google Ads,51.26,52,856
12/20/2023,GENERIC-GADGET-3,Google Ads,26.08,23,419
12/20/2023,GENERIC-GADGET-4,Google Ads,59.64,67,1499
12/20/2023,GENERIC-GADGET-5,Facebook Ads,42.32,44,899
12/20/2023,GENERIC-GADGET-6,Google Ads,42.49,36,576
12/20/2023,GENERIC-GADGET-7,Facebook Ads,30.34,29,680
12/20/2023,GENERIC-GADGET-8,Google Ads,55.58,49,758
12/20/2023,GENERIC-GADGET-9,Facebook Ads,43.54,31,672
12/20/2023,GENERIC-GADGET-10,Google Ads,41.33,35,871
12/20/2023,GENERIC-GADGET-11,Google Ads,18.98,20,320
12/21/2023,LAPTOP-STAND-ALU,Google Ads,39.91,44,730
12/21/2023,MECH-KEYBOARD-RGB,Facebook Ads,36.94,29,702
12/21/2023,GAMER-CHAIR-PRO,Facebook Ads,40.53,42,911
12/21/2023,VR-HEADSET-LITE,Google Ads,19.64,14,330
12/21/2023,SMART-HUB-X,Facebook Ads,65.44,38,860
12/21/2023,USB-C-CABLE-2M,Facebook Ads,5.01,10,175
12/21/2023,SCREEN-CLEAN-KIT,Facebook Ads,55.18,52,1117
12/21/2023,MOUSE-PAD-XL,Google Ads,26.18,30,541
12/21/2023,GENERIC-GADGET-0,Facebook Ads,44.86,41,644
12/21/2023,GENERIC-GADGET-1,Google Ads,41.62,39,810
12/21/2023,GENERIC-GADGET-2,Google Ads,34.21,23,538
12/21/2023,GENERIC-GADGET-3,Google Ads,38.86,37,781
12/21/2023,GENERIC-GADGET-4,Google Ads,14.93,13,277
12/21/2023,GENERIC-GADGET-5,Facebook Ads,48.63,54,1002
12/21/2023,GENERIC-GADGET-6,Facebook Ads,54.84,47,919
12/21/2023,GENERIC-GADGET-7,Facebook Ads,41.86,40,688
12/21/2023,GENERIC-GADGET-8,Facebook Ads,21.05,19,377
12/21/2023,GENERIC-GADGET-9,Google Ads,39.7,35,891
12/21/2023,GENERIC-GADGET-10,Facebook Ads,35.1,25,521
12/21/2023,GENERIC-GADGET-11,Facebook Ads,12.24,9,143
12/22/2023,LAPTOP-STAND-ALU,Google Ads,26.65,20,386
12/22/2023,MECH-KEYBOARD-RGB,Facebook Ads,37.81,31,516
12/22/2023,GAMER-CHAIR-PRO,Facebook Ads,51.17,53,841
12/22/2023,VR-HEADSET-LITE,Facebook Ads,33.1,30,617
12/22/2023,SMART-HUB-X,Facebook Ads,70.45,33,770
12/22/2023,USB-C-CABLE-2M,Facebook Ads,11.43,22,460
12/22/2023,SCREEN-CLEAN-KIT,Google Ads,32.37,24,452
12/22/2023,MOUSE-PAD-XL,Google Ads,53.42,47,1149
12/22/2023,GENERIC-GADGET-0,Facebook Ads,38.73,30,542
12/22/2023,GENERIC-GADGET-1,Facebook Ads,37.49,40,622
12/22/2023,GENERIC-GADGET-2,Google Ads,24.98,22,540
12/22/2023,GENERIC-GADGET-3,Facebook Ads,29.33,27,470
12/22/2023,GENERIC-GADGET-4,Facebook Ads,44.35,34,589
12/22/2023,GENERIC-GADGET-5,Facebook Ads,55.09,44,840
12/22/2023,GENERIC-GADGET-6,Facebook Ads,41.67,45,985
12/22/2023,GENERIC-GADGET-7,Google Ads,18.2,14,238
12/22/2023,GENERIC-GADGET-8,Facebook Ads,49.64,41,948
12/22/2023,GENERIC-GADGET-9,Google Ads,57.35,61,943
12/22/2023,GENERIC-GADGET-10,Google Ads,38.69,37,680
12/22/2023,GENERIC-GADGET-11,Google Ads,58.99,40,699
12/23/2023,LAPTOP-STAND-ALU,Google Ads,12.39,15,336
12/23/2023,MECH-KEYBOARD-RGB,Facebook Ads,28.09,22,538
12/23/2023,GAMER-CHAIR-PRO,Facebook Ads,30.67,24,474
12/23/2023,VR-HEADSET-LITE,Google Ads,10.84,10,253
12/23/2023,SMART-HUB-X,Facebook Ads,91.92,42,876
12/23/2023,USB-C-CABLE-2M,Facebook Ads,12.08,24,528
12/23/2023,SCREEN-CLEAN-KIT,Facebook Ads,11.42,8,133
12/23/2023,MOUSE-PAD-XL,Facebook Ads,49.09,43,1033
12/23/2023,GENERIC-GADGET-0,Google Ads,59.68,41,675
12/23/2023,GENERIC-GADGET-1,Google Ads,35.88,26,506
12/23/2023,GENERIC-GADGET-2,Google Ads,45.54,34,583
12/23/2023,GENERIC-GADGET-3,Google Ads,57.64,61,1504
12/23/2023,GENERIC-GADGET-4,Google Ads,36.99,26,524
12/23/2023,GENERIC-GADGET-5,Facebook Ads,27.48,31,685
12/23/2023,GENERIC-GADGET-6,Google Ads,17.32,15,337
12/23/2023,GENERIC-GADGET-7,Facebook Ads,10.57,7,115
12/23/2023,GENERIC-GADGET-8,Facebook Ads,57.28,52,854
12/23/2023,GENERIC-GADGET-9,Facebook Ads,39.09,39,791
12/23/2023,GENERIC-GADGET-10,Google Ads,54.53,50,1146
12/23/2023,GENERIC-GADGET-11,Facebook Ads,46.4,32,532
12/24/2023,LAPTOP-STAND-ALU,Facebook Ads,11.18,11,193
12/24/2023,MECH-KEYBOARD-RGB,Google Ads,55.16,37,655
12/24/2023,GAMER-CHAIR-PRO,Facebook Ads,17.48,17,405
12/24/2023,VR-HEADSET-LITE,Facebook Ads,49.93,38,665
12/24/2023,SMART-HUB-X,Facebook Ads,115.97,55,1179
12/24/2023,USB-C-CABLE-2M,Google Ads,11.14,22,447
12/24/2023,SCREEN-CLEAN-KIT,Google Ads,29.89,36,892
12/24/2023,MOUSE-PAD-XL,Facebook Ads,33.35,23,584
12/24/2023,GENERIC-GADGET-0,Facebook Ads,50.24,39,690
12/24/2023,GENERIC-GADGET-1,Facebook Ads,38.66,30,467
12/24/2023,GENERIC-GADGET-2,Facebook Ads,37.03,26,442
12/24/2023,GENERIC-GADGET-3,Google Ads,33.44,24,613
12/24/2023,GENERIC-GADGET-4,Google Ads,41.02,35,620
12/24/2023,GENERIC-GADGET-5,Facebook Ads,16.27,14,294
12/24/2023,GENERIC-GADGET-6,Google Ads,52.73,52,1214
12/24/2023,GENERIC-GADGET-7,Facebook Ads,25.44,22,334
12/24/2023,GENERIC-GADGET-8,Google Ads,28.84,33,825
12/24/2023,GENERIC-GADGET-9,Facebook Ads,30.1,20,498
12/24/2023,GENERIC-GADGET-10,Facebook Ads,36.82,35,775
12/24/2023,GENERIC-GADGET-11,Facebook Ads,17.29,18,283
12/25/2023,LAPTOP-STAND-ALU,Google Ads,12.64,11,188
12/25/2023,MECH-KEYBOARD-RGB,Facebook Ads,58.54,59,1228
12/25/2023,GAMER-CHAIR-PRO,Facebook Ads,57.12,70,1067
12/25/2023,VR-HEADSET-LITE,Facebook Ads,43.21,51,776
12/25/2023,SMART-HUB-X,Facebook Ads,51.13,24,370
12/25/2023,USB-C-CABLE-2M,Google Ads,19.75,39,837
12/25/2023,SCREEN-CLEAN-KIT,Facebook Ads,57.73,52,956
12/25/2023,MOUSE-PAD-XL,Google Ads,34.95,23,428
12/25/2023,GENERIC-GADGET-0,Google Ads,43.71,41,861
12/25/2023,GENERIC-GADGET-1,Google Ads,12.26,12,312
12/25/2023,GENERIC-GADGET-2,Facebook Ads,29.68,25,554
12/25/2023,GENERIC-GADGET-3,Google Ads,59.74,58,1331
12/25/2023,GENERIC-GADGET-4,Google Ads,16.05,17,295
12/25/2023,GENERIC-GADGET-5,Google Ads,12,13,292
12/25/2023,GENERIC-GADGET-6,Google Ads,56.51,39,866
12/25/2023,GENERIC-GADGET-7,Facebook Ads,32.77,34,573
12/25/2023,GENERIC-GADGET-8,Google Ads,36.91,30,617
12/25/2023,GENERIC-GADGET-9,Google Ads,12.22,12,258
12/25/2023,GENERIC-GADGET-10,Google Ads,53.81,53,1007
12/25/2023,GENERIC-GADGET-11,Google Ads,14.69,11,196
12/26/2023,LAPTOP-STAND-ALU,Facebook Ads,13.41,8,142
12/26/2023,MECH-KEYBOARD-RGB,Google Ads,11.39,12,290
12/26/2023,GAMER-CHAIR-PRO,Facebook Ads,27.45,31,622
12/26/2023,VR-HEADSET-LITE,Google Ads,53.99,46,996
12/26/2023,SMART-HUB-X,Facebook Ads,119.53,68,1366
12/26/2023,USB-C-CABLE-2M,Facebook Ads,17.09,34,792
12/26/2023,SCREEN-CLEAN-KIT,Google Ads,42.25,39,661
12/26/2023,MOUSE-PAD-XL,Facebook Ads,12.29,14,331
12/26/2023,GENERIC-GADGET-0,Google Ads,53.13,40,820
12/26/2023,GENERIC-GADGET-1,Facebook Ads,43.09,46,694
12/26/2023,GENERIC-GADGET-2,Facebook Ads,41.76,29,599
12/26/2023,GENERIC-GADGET-3,Google Ads,36.9,28,707
12/26/2023,GENERIC-GADGET-4,Google Ads,11.16,10,231
12/26/2023,GENERIC-GADGET-5,Facebook Ads,18.67,15,345
12/26/2023,GENERIC-GADGET-6,Facebook Ads,52.95,64,1381
12/26/2023,GENERIC-GADGET-7,Google Ads,33.18,33,814
12/26/2023,GENERIC-GADGET-8,Google Ads,24.51,29,649
12/26/2023,GENERIC-GADGET-9,Google Ads,49.1,39,940
12/26/2023,GENERIC-GADGET-10,Google Ads,27.85,18,291
12/26/2023,GENERIC-GADGET-11,Google Ads,30.68,25,432
12/27/2023,LAPTOP-STAND-ALU,Facebook Ads,33.55,32,787
12/27/2023,MECH-KEYBOARD-RGB,Facebook Ads,49.83,54,1276
12/27/2023,GAMER-CHAIR-PRO,Google Ads,52,46,1026
12/27/2023,VR-HEADSET-LITE,Facebook Ads,42.68,33,557
12/27/2023,SMART-HUB-X,Facebook Ads,142.87,80,1851
12/27/2023,USB-C-CABLE-2M,Facebook Ads,19.43,38,602
12/27/2023,SCREEN-CLEAN-KIT,Google Ads,37.65,31,778
12/27/2023,MOUSE-PAD-XL,Google Ads,56.45,46,1012
12/27/2023,GENERIC-GADGET-0,Google Ads,17.28,11,260
12/27/2023,GENERIC-GADGET-1,Facebook Ads,55.03,44,876
12/27/2023,GENERIC-GADGET-2,Facebook Ads,32.93,23,522
12/27/2023,GENERIC-GADGET-3,Google Ads,23.19,25,569
12/27/2023,GENERIC-GADGET-4,Google Ads,18.29,19,363
12/27/2023,GENERIC-GADGET-5,Google Ads,26.87,29,463
12/27/2023,GENERIC-GADGET-6,Facebook Ads,33.11,38,705
12/27/2023,GENERIC-GADGET-7,Facebook Ads,57.22,51,1147
12/27/2023,GENERIC-GADGET-8,Facebook Ads,42.06,29,700
12/27/2023,GENERIC-GADGET-9,Facebook Ads,47.75,32,703
12/27/2023,GENERIC-GADGET-10,Facebook Ads,51.6,48,1176
12/27/2023,GENERIC-GADGET-11,Facebook Ads,35.78,32,688
12/28/2023,LAPTOP-STAND-ALU,Facebook Ads,24.73,16,298
12/28/2023,MECH-KEYBOARD-RGB,Facebook Ads,28.92,29,555
12/28/2023,GAMER-CHAIR-PRO,Facebook Ads,12.26,11,240
12/28/2023,VR-HEADSET-LITE,Google Ads,19.89,17,418
12/28/2023,SMART-HUB-X,Google Ads,118.3,62,1454
12/28/2023,USB-C-CABLE-2M,Facebook Ads,7.3,14,314
12/28/2023,SCREEN-CLEAN-KIT,Facebook Ads,52.25,49,782
12/28/2023,MOUSE-PAD-XL,Facebook Ads,51.5,36,845
12/28/2023,GENERIC-GADGET-0,Google Ads,39.45,29,469
12/28/2023,GENERIC-GADGET-1,Facebook Ads,44.77,45,1053
12/28/2023,GENERIC-GADGET-2,Google Ads,52.64,38,792
12/28/2023,GENERIC-GADGET-3,Google Ads,49.68,50,1167
12/28/2023,GENERIC-GADGET-4,Google Ads,55.87,59,1281
12/28/2023,GENERIC-GADGET-5,Google Ads,25.81,22,409
12/28/2023,GENERIC-GADGET-6,Facebook Ads,15.76,16,346
12/28/2023,GENERIC-GADGET-7,Facebook Ads,19.3,21,463
12/28/2023,GENERIC-GADGET-8,Facebook Ads,11.6,9,219
12/28/2023,GENERIC-GADGET-9,Google Ads,17.24,12,293
12/28/2023,GENERIC-GADGET-10,Google Ads,37.95,29,481
12/28/2023,GENERIC-GADGET-11,Google Ads,47.07,33,721
12/29/2023,LAPTOP-STAND-ALU,Google Ads,43.23,29,505
12/29/2023,MECH-KEYBOARD-RGB,Facebook Ads,16.49,19,307
12/29/2023,GAMER-CHAIR-PRO,Facebook Ads,27.99,28,550
12/29/2023,VR-HEADSET-LITE,Google Ads,43.98,32,731
12/29/2023,SMART-HUB-X,Facebook Ads,62.86,26,440
12/29/2023,USB-C-CABLE-2M,Google Ads,7.44,14,286
12/29/2023,SCREEN-CLEAN-KIT,Google Ads,18.2,17,291
12/29/2023,MOUSE-PAD-XL,Google Ads,41.19,47,1060
12/29/2023,GENERIC-GADGET-0,Facebook Ads,34.35,37,619
12/29/2023,GENERIC-GADGET-1,Google Ads,59.01,63,1358
12/29/2023,GENERIC-GADGET-2,Facebook Ads,44.56,38,664
12/29/2023,GENERIC-GADGET-3,Google Ads,30.38,23,382
12/29/2023,GENERIC-GADGET-4,Facebook Ads,24.36,25,449
12/29/2023,GENERIC-GADGET-5,Facebook Ads,33.41,25,390
12/29/2023,GENERIC-GADGET-6,Google Ads,10.99,7,173
12/29/2023,GENERIC-GADGET-7,Google Ads,18.58,13,207
12/29/2023,GENERIC-GADGET-8,Google Ads,46.87,40,960
12/29/2023,GENERIC-GADGET-9,Google Ads,42.18,34,624
12/29/2023,GENERIC-GADGET-10,Facebook Ads,27.39,18,331
12/29/2023,GENERIC-GADGET-11,Facebook Ads,52.74,41,660
